timestamp,actual_workload_inbound,pred_workload_inbound,labor_inbound,capacity_inbound,scenario
2027-01-01 00:00:00,29,20.9,2,30.0,Normal
2027-01-01 01:00:00,20,24.3,3,45.0,Normal
2027-01-01 02:00:00,19,17.4,2,30.0,Normal
2027-01-01 03:00:00,20,18.7,2,30.0,Normal
2027-01-01 04:00:00,26,21.4,2,30.0,Normal
2027-01-01 05:00:00,27,29.9,3,45.0,Normal
2027-01-01 06:00:00,21,43.2,3,45.0,Normal
2027-01-01 07:00:00,15,21.6,3,45.0,Normal
2027-01-01 08:00:00,10,10.4,3,45.0,Normal
2027-01-01 09:00:00,6,6.4,3,45.0,Normal
2027-01-01 10:00:00,4,0.9,3,45.0,Normal
2027-01-01 11:00:00,11,0.0,3,45.0,Normal
2027-01-01 12:00:00,14,13.1,3,45.0,Normal
2027-01-01 13:00:00,15,13.4,3,45.0,Normal
2027-01-01 14:00:00,8,11.9,3,45.0,Normal
2027-01-01 15:00:00,5,7.1,3,45.0,Normal
2027-01-01 16:00:00,7,2.5,3,45.0,Normal
2027-01-01 17:00:00,9,7.1,3,45.0,Normal
2027-01-01 18:00:00,20,9.5,3,45.0,Normal
2027-01-01 19:00:00,6,23.1,3,45.0,Normal
2027-01-01 20:00:00,9,4.8,3,45.0,Normal
2027-01-01 21:00:00,26,11.2,2,30.0,Normal
2027-01-01 22:00:00,28,29.6,3,45.0,Normal
2027-01-01 23:00:00,23,30.5,2,30.0,Normal
2027-01-02 00:00:00,24,22.7,2,30.0,Normal
2027-01-02 01:00:00,27,22.8,2,30.0,Normal
2027-01-02 02:00:00,26,27.3,3,45.0,Normal
2027-01-02 03:00:00,25,24.8,3,45.0,Normal
2027-01-02 04:00:00,26,24.2,2,30.0,Normal
2027-01-02 05:00:00,34,25.7,4,60.0,Normal
2027-01-02 06:00:00,47,47.5,3,45.0,Normal
2027-01-02 07:00:00,55,58.0,3,45.0,Normal
2027-01-02 08:00:00,75,74.5,4,60.0,Normal
2027-01-02 09:00:00,89,87.7,4,60.0,Normal
2027-01-02 10:00:00,90,103.3,6,90.0,Normal
2027-01-02 11:00:00,69,68.3,4,60.0,Normal
2027-01-02 12:00:00,53,52.9,3,45.0,Normal
2027-01-02 13:00:00,60,56.3,4,60.0,Normal
2027-01-02 14:00:00,73,75.0,6,90.0,Normal
2027-01-02 15:00:00,79,82.3,5,75.0,Normal
2027-01-02 16:00:00,88,83.2,6,90.0,Normal
2027-01-02 17:00:00,80,80.3,4,60.0,Normal
2027-01-02 18:00:00,69,72.2,5,75.0,Normal
2027-01-02 19:00:00,57,60.8,4,60.0,Normal
2027-01-02 20:00:00,32,40.6,2,30.0,Normal
2027-01-02 21:00:00,27,22.7,4,60.0,Normal
2027-01-02 22:00:00,30,20.6,2,30.0,Normal
2027-01-02 23:00:00,26,26.6,3,45.0,Normal
2027-01-03 00:00:00,27,22.2,2,30.0,Normal
2027-01-03 01:00:00,17,24.1,2,30.0,Normal
2027-01-03 02:00:00,19,13.6,3,45.0,Normal
2027-01-03 03:00:00,16,16.7,2,30.0,Normal
2027-01-03 04:00:00,19,15.1,2,30.0,Normal
2027-01-03 05:00:00,14,18.7,2,30.0,Normal
2027-01-03 06:00:00,19,21.1,3,45.0,Normal
2027-01-03 07:00:00,31,29.9,3,45.0,Normal
2027-01-03 08:00:00,39,46.3,3,45.0,Normal
2027-01-03 09:00:00,52,50.4,3,45.0,Normal
2027-01-03 10:00:00,61,55.3,3,45.0,Normal
2027-01-03 11:00:00,37,46.2,3,45.0,Normal
2027-01-03 12:00:00,37,27.4,3,45.0,Normal
2027-01-03 13:00:00,36,41.6,3,45.0,Normal
2027-01-03 14:00:00,46,43.5,3,45.0,Normal
2027-01-03 15:00:00,49,51.6,3,45.0,Normal
2027-01-03 16:00:00,44,50.8,3,45.0,Normal
2027-01-03 17:00:00,38,38.0,3,45.0,Normal
2027-01-03 18:00:00,35,33.1,3,45.0,Normal
2027-01-03 19:00:00,35,32.9,3,45.0,Normal
2027-01-03 20:00:00,35,24.5,2,30.0,Normal
2027-01-03 21:00:00,22,28.5,2,30.0,Normal
2027-01-03 22:00:00,20,18.1,2,30.0,Normal
2027-01-03 23:00:00,10,16.9,2,30.0,Normal
2027-01-04 00:00:00,15,9.2,2,30.0,Normal
2027-01-04 01:00:00,11,15.3,2,30.0,Normal
2027-01-04 02:00:00,10,12.7,2,30.0,Normal
2027-01-04 03:00:00,6,12.3,2,30.0,Normal
2027-01-04 04:00:00,9,5.7,3,45.0,Normal
2027-01-04 05:00:00,14,11.8,2,30.0,Normal
2027-01-04 06:00:00,36,29.4,5,75.0,Normal
2027-01-04 07:00:00,56,51.8,4,60.0,Normal
2027-01-04 08:00:00,86,78.6,8,120.0,Normal
2027-01-04 09:00:00,108,105.2,6,90.0,Normal
2027-01-04 10:00:00,118,118.4,7,105.0,Normal
2027-01-04 11:00:00,91,95.5,3,45.0,Normal
2027-01-04 12:00:00,64,70.3,3,45.0,Normal
2027-01-04 13:00:00,66,72.3,5,75.0,Normal
2027-01-04 14:00:00,81,82.1,8,120.0,Normal
2027-01-04 15:00:00,93,90.3,7,105.0,Normal
2027-01-04 16:00:00,99,101.4,8,120.0,Normal
2027-01-04 17:00:00,93,92.3,5,75.0,Normal
2027-01-04 18:00:00,91,88.8,6,90.0,Normal
2027-01-04 19:00:00,86,85.2,4,60.0,Normal
2027-01-04 20:00:00,68,64.3,3,45.0,Normal
2027-01-04 21:00:00,53,52.0,2,30.0,Normal
2027-01-04 22:00:00,37,40.2,2,30.0,Normal
2027-01-04 23:00:00,27,27.6,2,30.0,Normal
2027-01-05 00:00:00,17,21.4,2,30.0,Normal
2027-01-05 01:00:00,17,13.0,2,30.0,Normal
2027-01-05 02:00:00,17,13.9,2,30.0,Normal
2027-01-05 03:00:00,22,18.3,2,30.0,Normal
2027-01-05 04:00:00,21,24.7,2,30.0,Normal
2027-01-05 05:00:00,20,26.6,2,30.0,Normal
2027-01-05 06:00:00,39,37.4,5,75.0,Normal
2027-01-05 07:00:00,48,49.3,4,60.0,Normal
2027-01-05 08:00:00,105,75.7,7,105.0,Volume Spike (+60%)
2027-01-05 09:00:00,134,126.9,7,105.0,Volume Spike (+60%)
2027-01-05 10:00:00,153,137.6,7,105.0,Volume Spike (+60%)
2027-01-05 11:00:00,99,124.8,3,45.0,Volume Spike (+60%)
2027-01-05 12:00:00,63,80.7,4,60.0,Volume Spike (+60%)
2027-01-05 13:00:00,64,65.3,5,75.0,Volume Spike (+60%)
2027-01-05 14:00:00,100,84.6,7,105.0,Volume Spike (+60%)
2027-01-05 15:00:00,126,117.7,7,105.0,Volume Spike (+60%)
2027-01-05 16:00:00,139,130.6,6,90.0,Volume Spike (+60%)
2027-01-05 17:00:00,119,125.7,5,75.0,Volume Spike (+60%)
2027-01-05 18:00:00,103,116.3,4,60.0,Volume Spike (+60%)
2027-01-05 19:00:00,92,101.1,6,90.0,Volume Spike (+60%)
2027-01-05 20:00:00,55,70.1,3,45.0,Volume Spike (+60%)
2027-01-05 21:00:00,38,32.9,2,30.0,Volume Spike (+60%)
2027-01-05 22:00:00,32,24.3,2,30.0,Volume Spike (+60%)
2027-01-05 23:00:00,18,24.8,3,45.0,Volume Spike (+60%)
2027-01-06 00:00:00,8,11.4,2,30.0,Volume Spike (+60%)
2027-01-06 01:00:00,15,5.0,2,30.0,Volume Spike (+60%)
2027-01-06 02:00:00,25,16.4,2,30.0,Volume Spike (+60%)
2027-01-06 03:00:00,26,29.4,2,30.0,Volume Spike (+60%)
2027-01-06 04:00:00,27,29.1,2,30.0,Volume Spike (+60%)
2027-01-06 05:00:00,33,28.7,3,45.0,Volume Spike (+60%)
2027-01-06 06:00:00,60,50.1,5,75.0,Volume Spike (+60%)
2027-01-06 07:00:00,74,77.3,4,60.0,Volume Spike (+60%)
2027-01-06 08:00:00,118,102.3,7,105.0,Volume Spike (+60%)
2027-01-06 09:00:00,140,134.0,8,120.0,Volume Spike (+60%)
2027-01-06 10:00:00,153,141.1,7,105.0,Volume Spike (+60%)
2027-01-06 11:00:00,95,119.8,3,45.0,Volume Spike (+60%)
2027-01-06 12:00:00,50,79.6,3,45.0,Volume Spike (+60%)
2027-01-06 13:00:00,60,54.6,5,75.0,Volume Spike (+60%)
2027-01-06 14:00:00,93,78.6,7,105.0,Volume Spike (+60%)
2027-01-06 15:00:00,115,113.3,6,90.0,Volume Spike (+60%)
2027-01-06 16:00:00,132,128.4,8,120.0,Volume Spike (+60%)
2027-01-06 17:00:00,112,122.0,4,60.0,Volume Spike (+60%)
2027-01-06 18:00:00,96,107.5,5,75.0,Volume Spike (+60%)
2027-01-06 19:00:00,90,87.8,5,75.0,Volume Spike (+60%)
2027-01-06 20:00:00,54,64.7,2,30.0,Volume Spike (+60%)
2027-01-06 21:00:00,27,33.0,2,30.0,Volume Spike (+60%)
2027-01-06 22:00:00,13,14.2,2,30.0,Volume Spike (+60%)
2027-01-06 23:00:00,7,5.5,3,45.0,Volume Spike (+60%)
2027-01-07 00:00:00,5,4.6,3,45.0,Volume Spike (+60%)
2027-01-07 01:00:00,11,2.0,2,30.0,Volume Spike (+60%)
2027-01-07 02:00:00,21,12.8,2,30.0,Volume Spike (+60%)
2027-01-07 03:00:00,24,23.6,2,30.0,Volume Spike (+60%)
2027-01-07 04:00:00,25,27.1,2,30.0,Volume Spike (+60%)
2027-01-07 05:00:00,34,26.8,2,30.0,Volume Spike (+60%)
2027-01-07 06:00:00,68,49.9,4,60.0,Volume Spike (+60%)
2027-01-07 07:00:00,82,89.4,4,60.0,Volume Spike (+60%)
2027-01-07 08:00:00,129,111.9,7,105.0,Volume Spike (+60%)
2027-01-07 09:00:00,154,136.7,7,105.0,Volume Spike (+60%)
2027-01-07 10:00:00,158,147.0,8,120.0,Volume Spike (+60%)
2027-01-07 11:00:00,103,126.1,3,45.0,Volume Spike (+60%)
2027-01-07 12:00:00,64,92.4,3,45.0,Volume Spike (+60%)
2027-01-07 13:00:00,67,76.9,5,75.0,Volume Spike (+60%)
2027-01-07 14:00:00,94,87.7,7,105.0,Volume Spike (+60%)
2027-01-07 15:00:00,122,110.0,7,105.0,Volume Spike (+60%)
2027-01-07 16:00:00,133,130.2,8,120.0,Volume Spike (+60%)
2027-01-07 17:00:00,117,124.3,5,75.0,Volume Spike (+60%)
2027-01-07 18:00:00,110,112.5,5,75.0,Volume Spike (+60%)
2027-01-07 19:00:00,86,106.7,4,60.0,Normal
2027-01-07 20:00:00,60,60.8,2,30.0,Normal
2027-01-07 21:00:00,42,38.5,2,30.0,Normal
2027-01-07 22:00:00,34,27.1,2,30.0,Normal
2027-01-07 23:00:00,36,25.3,2,30.0,Normal
2027-01-08 00:00:00,23,30.4,2,30.0,Normal
2027-01-08 01:00:00,22,17.7,2,30.0,Normal
2027-01-08 02:00:00,21,20.8,2,30.0,Normal
2027-01-08 03:00:00,19,23.0,2,30.0,Normal
2027-01-08 04:00:00,24,20.0,2,30.0,Normal
2027-01-08 05:00:00,30,28.3,2,30.0,Normal
2027-01-08 06:00:00,40,47.4,4,60.0,Normal
2027-01-08 07:00:00,63,50.0,4,60.0,Normal
2027-01-08 08:00:00,90,91.0,6,90.0,Normal
2027-01-08 09:00:00,106,104.0,6,90.0,Normal
2027-01-08 10:00:00,110,110.2,8,120.0,Normal
2027-01-08 11:00:00,78,90.7,3,45.0,Normal
2027-01-08 12:00:00,61,64.6,3,45.0,Normal
2027-01-08 13:00:00,61,63.0,6,90.0,Normal
2027-01-08 14:00:00,83,76.5,8,120.0,Normal
2027-01-08 15:00:00,95,98.4,7,105.0,Normal
2027-01-08 16:00:00,98,99.6,7,105.0,Normal
2027-01-08 17:00:00,100,87.1,5,75.0,Normal
2027-01-08 18:00:00,99,94.7,4,60.0,Normal
2027-01-08 19:00:00,87,96.5,6,90.0,Normal
2027-01-08 20:00:00,60,69.6,2,30.0,Normal
2027-01-08 21:00:00,42,45.0,2,30.0,Normal
2027-01-08 22:00:00,36,30.2,2,30.0,Normal
2027-01-08 23:00:00,23,29.6,2,30.0,Normal
2027-01-09 00:00:00,23,18.6,4,60.0,Normal
2027-01-09 01:00:00,16,19.7,3,45.0,Normal
2027-01-09 02:00:00,17,13.6,3,45.0,Normal
2027-01-09 03:00:00,17,17.0,2,30.0,Normal
2027-01-09 04:00:00,14,17.5,3,45.0,Normal
2027-01-09 05:00:00,23,15.3,3,45.0,Normal
2027-01-09 06:00:00,30,40.5,3,45.0,Normal
2027-01-09 07:00:00,40,42.3,3,45.0,Normal
2027-01-09 08:00:00,61,64.2,5,75.0,Normal
2027-01-09 09:00:00,66,73.7,5,75.0,Normal
2027-01-09 10:00:00,72,71.5,6,90.0,Normal
2027-01-09 11:00:00,57,52.1,3,45.0,Normal
2027-01-09 12:00:00,40,40.5,3,45.0,Normal
2027-01-09 13:00:00,46,40.3,4,60.0,Normal
2027-01-09 14:00:00,58,57.2,5,75.0,Normal
2027-01-09 15:00:00,75,67.9,4,60.0,Normal
2027-01-09 16:00:00,84,83.2,4,60.0,Normal
2027-01-09 17:00:00,76,78.6,4,60.0,Normal
2027-01-09 18:00:00,66,69.4,5,75.0,Normal
2027-01-09 19:00:00,63,55.5,5,75.0,Normal
2027-01-09 20:00:00,50,46.8,3,45.0,Normal
2027-01-09 21:00:00,36,38.7,4,60.0,Normal
2027-01-09 22:00:00,32,29.9,2,30.0,Normal
2027-01-09 23:00:00,24,28.7,3,45.0,Normal
2027-01-10 00:00:00,10,20.7,2,30.0,Normal
2027-01-10 01:00:00,10,6.0,2,30.0,Normal
2027-01-10 02:00:00,8,7.2,2,30.0,Normal
2027-01-10 03:00:00,11,5.6,2,30.0,Normal
2027-01-10 04:00:00,5,10.4,2,30.0,Normal
2027-01-10 05:00:00,7,4.3,3,45.0,Normal
2027-01-10 06:00:00,19,15.7,3,45.0,Normal
2027-01-10 07:00:00,28,26.2,3,45.0,Normal
2027-01-10 08:00:00,34,44.3,4,60.0,Normal
2027-01-10 09:00:00,48,41.7,3,45.0,Normal
2027-01-10 10:00:00,50,56.1,3,45.0,Normal
2027-01-10 11:00:00,43,36.6,3,45.0,Normal
2027-01-10 12:00:00,37,32.5,3,45.0,Normal
2027-01-10 13:00:00,42,40.0,3,45.0,Normal
2027-01-10 14:00:00,61,52.4,3,45.0,Normal
2027-01-10 15:00:00,68,64.1,3,45.0,Normal
2027-01-10 16:00:00,70,70.1,3,45.0,Normal
2027-01-10 17:00:00,61,64.7,3,45.0,Normal
2027-01-10 18:00:00,53,57.0,3,45.0,Normal
2027-01-10 19:00:00,51,49.9,3,45.0,Normal
2027-01-10 20:00:00,35,44.8,2,30.0,Normal
2027-01-10 21:00:00,27,27.2,2,30.0,Normal
2027-01-10 22:00:00,23,22.4,2,30.0,Normal
2027-01-10 23:00:00,17,20.0,3,45.0,Normal
2027-01-11 00:00:00,14,15.0,2,30.0,Normal
2027-01-11 01:00:00,20,11.5,2,30.0,Normal
2027-01-11 02:00:00,29,21.6,2,30.0,Normal
2027-01-11 03:00:00,31,30.5,2,30.0,Normal
2027-01-11 04:00:00,30,33.3,3,45.0,Normal
2027-01-11 05:00:00,27,32.6,2,30.0,Normal
2027-01-11 06:00:00,52,40.2,5,75.0,Normal
2027-01-11 07:00:00,60,66.4,5,75.0,Normal
2027-01-11 08:00:00,87,83.6,7,105.0,Normal
2027-01-11 09:00:00,103,104.2,6,90.0,Normal
2027-01-11 10:00:00,109,119.6,8,120.0,Normal
2027-01-11 11:00:00,69,85.9,3,45.0,Normal
2027-01-11 12:00:00,45,49.0,3,45.0,Normal
2027-01-11 13:00:00,48,46.6,6,90.0,Normal
2027-01-11 14:00:00,73,64.8,6,90.0,Normal
2027-01-11 15:00:00,92,83.8,7,105.0,Normal
2027-01-11 16:00:00,108,102.0,7,105.0,Normal
2027-01-11 17:00:00,90,101.7,5,75.0,Normal
2027-01-11 18:00:00,94,85.9,4,60.0,Normal
2027-01-11 19:00:00,89,88.3,4,60.0,Normal
2027-01-11 20:00:00,71,66.9,2,30.0,Normal
2027-01-11 21:00:00,54,54.7,2,30.0,Normal
2027-01-11 22:00:00,46,42.5,2,30.0,Normal
2027-01-11 23:00:00,34,36.0,3,45.0,Normal
2027-01-12 00:00:00,30,28.6,2,30.0,Normal
2027-01-12 01:00:00,21,25.6,2,30.0,Normal
2027-01-12 02:00:00,7,20.4,2,30.0,Normal
2027-01-12 03:00:00,11,8.2,2,30.0,Normal
2027-01-12 04:00:00,13,11.5,2,30.0,Normal
2027-01-12 05:00:00,13,16.2,2,30.0,Normal
2027-01-12 06:00:00,33,29.2,3,45.0,Normal
2027-01-12 07:00:00,45,45.5,5,75.0,Normal
2027-01-12 08:00:00,77,72.8,6,90.0,Normal
2027-01-12 09:00:00,100,96.6,7,105.0,Normal
2027-01-12 10:00:00,115,116.0,8,120.0,Normal
2027-01-12 11:00:00,92,99.4,3,45.0,Normal
2027-01-12 12:00:00,69,66.5,3,45.0,Normal
2027-01-12 13:00:00,68,65.3,5,75.0,Normal
2027-01-12 14:00:00,84,84.1,7,105.0,Normal
2027-01-12 15:00:00,92,93.5,8,120.0,Normal
2027-01-12 16:00:00,107,99.9,6,90.0,Normal
2027-01-12 17:00:00,104,96.7,6,90.0,Normal
2027-01-12 18:00:00,86,99.8,5,75.0,Normal
2027-01-12 19:00:00,80,83.8,5,75.0,Normal
2027-01-12 20:00:00,61,56.4,3,45.0,Normal
2027-01-12 21:00:00,49,45.1,2,30.0,Normal
2027-01-12 22:00:00,37,37.8,2,30.0,Normal
2027-01-12 23:00:00,32,28.3,2,30.0,Normal
2027-01-13 00:00:00,24,27.6,3,45.0,Normal
2027-01-13 01:00:00,22,21.0,2,30.0,Normal
2027-01-13 02:00:00,17,19.5,2,30.0,Normal
2027-01-13 03:00:00,11,16.6,2,30.0,Normal
2027-01-13 04:00:00,11,12.5,3,45.0,Normal
2027-01-13 05:00:00,12,12.4,2,30.0,Normal
2027-01-13 06:00:00,31,23.7,3,45.0,Normal
2027-01-13 07:00:00,42,49.0,3,45.0,Normal
2027-01-13 08:00:00,75,64.0,8,120.0,Normal
2027-01-13 09:00:00,88,95.2,7,105.0,Normal
2027-01-13 10:00:00,105,99.5,7,105.0,Normal
2027-01-13 11:00:00,81,91.2,3,45.0,Normal
2027-01-13 12:00:00,67,58.4,4,60.0,Normal
2027-01-13 13:00:00,67,66.7,5,75.0,Normal
2027-01-13 14:00:00,86,85.8,8,120.0,Normal
2027-01-13 15:00:00,93,96.4,7,105.0,Normal
2027-01-13 16:00:00,109,102.1,6,90.0,Normal
2027-01-13 17:00:00,100,103.6,5,75.0,Normal
2027-01-13 18:00:00,87,96.1,5,75.0,Normal
2027-01-13 19:00:00,79,81.6,4,60.0,Normal
2027-01-13 20:00:00,62,54.7,2,30.0,Normal
2027-01-13 21:00:00,41,46.7,2,30.0,Normal
2027-01-13 22:00:00,27,29.1,2,30.0,Normal
2027-01-13 23:00:00,16,17.6,3,45.0,Normal
2027-01-14 00:00:00,18,11.9,2,30.0,Normal
2027-01-14 01:00:00,17,15.2,3,45.0,Normal
2027-01-14 02:00:00,17,15.9,2,30.0,Normal
2027-01-14 03:00:00,14,16.5,2,30.0,Normal
2027-01-14 04:00:00,20,14.0,3,45.0,Normal
2027-01-14 05:00:00,27,23.1,3,45.0,Normal
2027-01-14 06:00:00,50,43.3,4,60.0,Normal
2027-01-14 07:00:00,56,72.5,3,45.0,Normal
2027-01-14 08:00:00,85,82.1,8,120.0,Normal
2027-01-14 09:00:00,98,101.0,8,120.0,Normal
2027-01-14 10:00:00,111,109.6,7,105.0,Normal
2027-01-14 11:00:00,82,88.3,3,45.0,Normal
2027-01-14 12:00:00,68,59.3,3,45.0,Normal
2027-01-14 13:00:00,73,66.9,6,90.0,Normal
2027-01-14 14:00:00,97,87.8,6,90.0,Normal
2027-01-14 15:00:00,107,107.9,6,90.0,Normal
2027-01-14 16:00:00,123,115.8,6,90.0,Normal
2027-01-14 17:00:00,98,110.9,5,75.0,Normal
2027-01-14 18:00:00,90,94.9,6,90.0,Normal
2027-01-14 19:00:00,89,86.3,5,75.0,Normal
2027-01-14 20:00:00,72,62.4,2,30.0,Normal
2027-01-14 21:00:00,49,57.0,2,30.0,Normal
2027-01-14 22:00:00,39,37.0,2,30.0,Normal
2027-01-14 23:00:00,28,29.7,2,30.0,Normal
2027-01-15 00:00:00,20,23.6,3,45.0,Normal
2027-01-15 01:00:00,20,16.6,3,45.0,Normal
2027-01-15 02:00:00,23,17.9,2,30.0,Normal
2027-01-15 03:00:00,25,24.3,2,30.0,Normal
2027-01-15 04:00:00,26,27.7,2,30.0,Normal
2027-01-15 05:00:00,24,29.5,2,30.0,Normal
2027-01-15 06:00:00,38,37.3,5,75.0,Normal
2027-01-15 07:00:00,51,45.6,5,75.0,Normal
2027-01-15 08:00:00,87,78.6,8,120.0,Normal
2027-01-15 09:00:00,103,112.3,7,105.0,Normal
2027-01-15 10:00:00,109,120.7,8,120.0,Normal
2027-01-15 11:00:00,79,80.3,4,60.0,Normal
2027-01-15 12:00:00,55,58.3,4,60.0,Normal
2027-01-15 13:00:00,54,55.9,5,75.0,Normal
2027-01-15 14:00:00,73,71.2,7,105.0,Normal
2027-01-15 15:00:00,84,86.8,7,105.0,Normal
2027-01-15 16:00:00,96,93.9,8,120.0,Normal
2027-01-15 17:00:00,87,89.4,5,75.0,Normal
2027-01-15 18:00:00,84,83.2,5,75.0,Normal
2027-01-15 19:00:00,79,81.9,5,75.0,Normal
2027-01-15 20:00:00,61,57.9,2,30.0,Normal
2027-01-15 21:00:00,51,44.3,2,30.0,Normal
2027-01-15 22:00:00,50,37.2,2,30.0,Normal
2027-01-15 23:00:00,45,40.7,2,30.0,Normal
2027-01-16 00:00:00,34,45.6,4,60.0,Normal
2027-01-16 01:00:00,26,27.3,4,60.0,Normal
2027-01-16 02:00:00,13,21.6,2,30.0,Normal
2027-01-16 03:00:00,11,10.4,3,45.0,Normal
2027-01-16 04:00:00,14,9.9,4,60.0,Normal
2027-01-16 05:00:00,16,13.8,3,45.0,Normal
2027-01-16 06:00:00,38,30.4,3,45.0,Normal
2027-01-16 07:00:00,44,49.7,3,45.0,Normal
2027-01-16 08:00:00,60,67.9,5,75.0,Normal
2027-01-16 09:00:00,76,71.2,4,60.0,Normal
2027-01-16 10:00:00,84,86.5,6,90.0,Normal
2027-01-16 11:00:00,62,60.6,3,45.0,Normal
2027-01-16 12:00:00,50,46.9,3,45.0,Normal
2027-01-16 13:00:00,60,51.0,4,60.0,Normal
2027-01-16 14:00:00,77,77.1,6,90.0,Normal
2027-01-16 15:00:00,82,87.1,5,75.0,Normal
2027-01-16 16:00:00,95,88.0,5,75.0,Normal
2027-01-16 17:00:00,85,85.6,5,75.0,Normal
2027-01-16 18:00:00,77,77.0,4,60.0,Normal
2027-01-16 19:00:00,74,71.6,4,60.0,Normal
2027-01-16 20:00:00,58,56.4,3,45.0,Normal
2027-01-16 21:00:00,38,45.2,3,45.0,Normal
2027-01-16 22:00:00,28,32.0,3,45.0,Normal
2027-01-16 23:00:00,18,26.3,4,60.0,Normal
2027-01-17 00:00:00,13,14.9,2,30.0,Normal
2027-01-17 01:00:00,16,9.2,2,30.0,Normal
2027-01-17 02:00:00,9,13.7,2,30.0,Normal
2027-01-17 03:00:00,9,6.3,3,45.0,Normal
2027-01-17 04:00:00,8,8.1,2,30.0,Normal
2027-01-17 05:00:00,10,9.3,2,30.0,Normal
2027-01-17 06:00:00,18,19.3,3,45.0,Normal
2027-01-17 07:00:00,24,26.5,3,45.0,Normal
2027-01-17 08:00:00,33,39.4,3,45.0,Normal
2027-01-17 09:00:00,50,40.3,4,60.0,Normal
2027-01-17 10:00:00,58,55.9,3,45.0,Normal
2027-01-17 11:00:00,49,45.0,3,45.0,Normal
2027-01-17 12:00:00,42,40.7,3,45.0,Normal
2027-01-17 13:00:00,47,44.1,3,45.0,Normal
2027-01-17 14:00:00,50,59.6,3,45.0,Normal
2027-01-17 15:00:00,48,55.9,3,45.0,Normal
2027-01-17 16:00:00,47,52.3,3,45.0,Normal
2027-01-17 17:00:00,39,40.8,3,45.0,Normal
2027-01-17 18:00:00,35,31.7,3,45.0,Normal
2027-01-17 19:00:00,38,33.4,3,45.0,Normal
2027-01-17 20:00:00,32,26.1,3,45.0,Normal
2027-01-17 21:00:00,25,24.8,2,30.0,Normal
2027-01-17 22:00:00,12,21.2,2,30.0,Normal
2027-01-17 23:00:00,22,6.8,3,45.0,Normal
2027-01-18 00:00:00,16,22.2,2,30.0,Normal
2027-01-18 01:00:00,18,16.9,2,30.0,Normal
2027-01-18 02:00:00,22,17.5,3,45.0,Normal
2027-01-18 03:00:00,24,21.9,2,30.0,Normal
2027-01-18 04:00:00,23,26.7,3,45.0,Normal
2027-01-18 05:00:00,24,25.7,2,30.0,Normal
2027-01-18 06:00:00,44,39.4,4,60.0,Normal
2027-01-18 07:00:00,61,59.9,5,75.0,Normal
2027-01-18 08:00:00,115,82.9,7,105.0,Zone Imbalance (Dock Congestion)
2027-01-18 09:00:00,145,133.3,7,105.0,Zone Imbalance (Dock Congestion)
2027-01-18 10:00:00,153,146.7,8,120.0,Zone Imbalance (Dock Congestion)
2027-01-18 11:00:00,87,112.2,3,45.0,Zone Imbalance (Dock Congestion)
2027-01-18 12:00:00,33,76.8,4,60.0,Zone Imbalance (Dock Congestion)
2027-01-18 13:00:00,42,33.3,6,90.0,Zone Imbalance (Dock Congestion)
2027-01-18 14:00:00,75,58.1,7,105.0,Zone Imbalance (Dock Congestion)
2027-01-18 15:00:00,93,96.8,6,90.0,Zone Imbalance (Dock Congestion)
2027-01-18 16:00:00,103,112.5,6,90.0,Zone Imbalance (Dock Congestion)
2027-01-18 17:00:00,66,95.6,5,75.0,Zone Imbalance (Dock Congestion)
2027-01-18 18:00:00,51,63.7,5,75.0,Zone Imbalance (Dock Congestion)
2027-01-18 19:00:00,38,45.6,5,75.0,Zone Imbalance (Dock Congestion)
2027-01-18 20:00:00,0,12.0,3,45.0,Zone Imbalance (Dock Congestion)
2027-01-18 21:00:00,0,0.0,2,30.0,Zone Imbalance (Dock Congestion)
2027-01-18 22:00:00,0,0.0,3,45.0,Zone Imbalance (Dock Congestion)
2027-01-18 23:00:00,0,0.0,2,30.0,Zone Imbalance (Dock Congestion)
2027-01-19 00:00:00,0,0.0,2,30.0,Zone Imbalance (Dock Congestion)
2027-01-19 01:00:00,0,0.0,2,30.0,Zone Imbalance (Dock Congestion)
2027-01-19 02:00:00,0,0.0,2,30.0,Zone Imbalance (Dock Congestion)
2027-01-19 03:00:00,0,0.6,2,30.0,Zone Imbalance (Dock Congestion)
2027-01-19 04:00:00,0,0.8,3,45.0,Zone Imbalance (Dock Congestion)
2027-01-19 05:00:00,0,0.0,3,45.0,Zone Imbalance (Dock Congestion)
2027-01-19 06:00:00,26,10.5,4,60.0,Zone Imbalance (Dock Congestion)
2027-01-19 07:00:00,38,30.7,4,60.0,Zone Imbalance (Dock Congestion)
2027-01-19 08:00:00,80,59.5,7,105.0,Zone Imbalance (Dock Congestion)
2027-01-19 09:00:00,107,105.9,8,120.0,Zone Imbalance (Dock Congestion)
2027-01-19 10:00:00,109,130.4,6,90.0,Zone Imbalance (Dock Congestion)
2027-01-19 11:00:00,52,85.7,3,45.0,Zone Imbalance (Dock Congestion)
2027-01-19 12:00:00,16,34.6,3,45.0,Zone Imbalance (Dock Congestion)
2027-01-19 13:00:00,27,0.0,6,90.0,Zone Imbalance (Dock Congestion)
2027-01-19 14:00:00,68,24.6,6,90.0,Zone Imbalance (Dock Congestion)
2027-01-19 15:00:00,96,92.7,6,90.0,Zone Imbalance (Dock Congestion)
2027-01-19 16:00:00,105,116.0,7,105.0,Zone Imbalance (Dock Congestion)
2027-01-19 17:00:00,72,105.0,4,60.0,Zone Imbalance (Dock Congestion)
2027-01-19 18:00:00,65,65.5,5,75.0,Zone Imbalance (Dock Congestion)
2027-01-19 19:00:00,54,63.8,6,90.0,Zone Imbalance (Dock Congestion)
2027-01-19 20:00:00,20,35.7,2,30.0,Zone Imbalance (Dock Congestion)
2027-01-19 21:00:00,0,2.2,2,30.0,Zone Imbalance (Dock Congestion)
2027-01-19 22:00:00,0,0.0,2,30.0,Zone Imbalance (Dock Congestion)
2027-01-19 23:00:00,0,0.0,2,30.0,Zone Imbalance (Dock Congestion)
2027-01-20 00:00:00,0,0.0,2,30.0,Zone Imbalance (Dock Congestion)
2027-01-20 01:00:00,4,0.0,2,30.0,Zone Imbalance (Dock Congestion)
2027-01-20 02:00:00,6,1.6,3,45.0,Zone Imbalance (Dock Congestion)
2027-01-20 03:00:00,2,6.1,2,30.0,Zone Imbalance (Dock Congestion)
2027-01-20 04:00:00,4,5.7,2,30.0,Zone Imbalance (Dock Congestion)
2027-01-20 05:00:00,3,5.7,2,30.0,Zone Imbalance (Dock Congestion)
2027-01-20 06:00:00,42,15.4,4,60.0,Zone Imbalance (Dock Congestion)
2027-01-20 07:00:00,62,53.4,5,75.0,Zone Imbalance (Dock Congestion)
2027-01-20 08:00:00,98,87.7,8,120.0,Zone Imbalance (Dock Congestion)
2027-01-20 09:00:00,107,116.4,7,105.0,Zone Imbalance (Dock Congestion)
2027-01-20 10:00:00,114,120.7,6,90.0,Zone Imbalance (Dock Congestion)
2027-01-20 11:00:00,59,88.7,3,45.0,Zone Imbalance (Dock Congestion)
2027-01-20 12:00:00,12,41.0,3,45.0,Zone Imbalance (Dock Congestion)
2027-01-20 13:00:00,21,0.0,4,60.0,Zone Imbalance (Dock Congestion)
2027-01-20 14:00:00,62,14.1,7,105.0,Zone Imbalance (Dock Congestion)
2027-01-20 15:00:00,81,88.1,7,105.0,Zone Imbalance (Dock Congestion)
2027-01-20 16:00:00,93,101.4,8,120.0,Zone Imbalance (Dock Congestion)
2027-01-20 17:00:00,70,95.5,5,75.0,Zone Imbalance (Dock Congestion)
2027-01-20 18:00:00,55,65.0,4,60.0,Zone Imbalance (Dock Congestion)
2027-01-20 19:00:00,23,53.4,6,90.0,Normal
2027-01-20 20:00:00,0,0.0,3,45.0,Normal
2027-01-20 21:00:00,0,0.0,2,30.0,Normal
2027-01-20 22:00:00,0,0.0,2,30.0,Normal
2027-01-20 23:00:00,0,0.0,3,45.0,Normal
2027-01-21 00:00:00,0,0.0,2,30.0,Normal
2027-01-21 01:00:00,5,0.0,2,30.0,Normal
2027-01-21 02:00:00,7,4.8,2,30.0,Normal
2027-01-21 03:00:00,14,10.6,2,30.0,Normal
2027-01-21 04:00:00,20,14.8,3,45.0,Normal
2027-01-21 05:00:00,28,22.1,2,30.0,Normal
2027-01-21 06:00:00,48,43.9,5,75.0,Normal
2027-01-21 07:00:00,62,61.7,3,45.0,Normal
2027-01-21 08:00:00,82,85.9,7,105.0,Normal
2027-01-21 09:00:00,101,97.0,6,90.0,Normal
2027-01-21 10:00:00,115,113.6,6,90.0,Normal
2027-01-21 11:00:00,89,91.3,3,45.0,Normal
2027-01-21 12:00:00,68,66.8,4,60.0,Normal
2027-01-21 13:00:00,71,72.8,5,75.0,Normal
2027-01-21 14:00:00,89,85.3,6,90.0,Normal
2027-01-21 15:00:00,93,99.3,8,120.0,Normal
2027-01-21 16:00:00,101,102.2,7,105.0,Normal
2027-01-21 17:00:00,83,94.3,6,90.0,Normal
2027-01-21 18:00:00,83,78.3,6,90.0,Normal
2027-01-21 19:00:00,73,80.8,6,90.0,Normal
2027-01-21 20:00:00,59,55.3,3,45.0,Normal
2027-01-21 21:00:00,42,39.8,2,30.0,Normal
2027-01-21 22:00:00,35,28.6,2,30.0,Normal
2027-01-21 23:00:00,28,27.1,2,30.0,Normal
2027-01-22 00:00:00,17,24.0,2,30.0,Normal
2027-01-22 01:00:00,26,12.6,2,30.0,Normal
2027-01-22 02:00:00,31,24.7,2,30.0,Normal
2027-01-22 03:00:00,35,34.6,2,30.0,Normal
2027-01-22 04:00:00,27,36.4,2,30.0,Normal
2027-01-22 05:00:00,19,27.0,3,45.0,Normal
2027-01-22 06:00:00,35,31.1,5,75.0,Normal
2027-01-22 07:00:00,47,45.7,5,75.0,Normal
2027-01-22 08:00:00,76,78.8,8,120.0,Normal
2027-01-22 09:00:00,98,94.6,6,90.0,Normal
2027-01-22 10:00:00,110,114.7,7,105.0,Normal
2027-01-22 11:00:00,81,85.1,3,45.0,Normal
2027-01-22 12:00:00,64,60.1,3,45.0,Normal
2027-01-22 13:00:00,70,63.2,6,90.0,Normal
2027-01-22 14:00:00,90,86.3,7,105.0,Normal
2027-01-22 15:00:00,103,102.5,7,105.0,Normal
2027-01-22 16:00:00,113,111.2,7,105.0,Normal
2027-01-22 17:00:00,107,101.4,5,75.0,Normal
2027-01-22 18:00:00,92,100.9,6,90.0,Normal
2027-01-22 19:00:00,77,86.1,5,75.0,Normal
2027-01-22 20:00:00,64,56.8,3,45.0,Normal
2027-01-22 21:00:00,51,50.6,3,45.0,Normal
2027-01-22 22:00:00,34,42.0,2,30.0,Normal
2027-01-22 23:00:00,36,27.2,2,30.0,Normal
2027-01-23 00:00:00,24,31.1,4,60.0,Normal
2027-01-23 01:00:00,24,19.2,3,45.0,Normal
2027-01-23 02:00:00,15,19.9,3,45.0,Normal
2027-01-23 03:00:00,20,14.1,2,30.0,Normal
2027-01-23 04:00:00,20,21.2,2,30.0,Normal
2027-01-23 05:00:00,20,22.1,4,60.0,Normal
2027-01-23 06:00:00,31,36.2,3,45.0,Normal
2027-01-23 07:00:00,40,44.2,3,45.0,Normal
2027-01-23 08:00:00,57,61.7,5,75.0,Normal
2027-01-23 09:00:00,75,72.5,5,75.0,Normal
2027-01-23 10:00:00,87,83.8,4,60.0,Normal
2027-01-23 11:00:00,67,64.0,3,45.0,Normal
2027-01-23 12:00:00,55,50.2,3,45.0,Normal
2027-01-23 13:00:00,54,58.5,4,60.0,Normal
2027-01-23 14:00:00,75,68.2,5,75.0,Normal
2027-01-23 15:00:00,78,88.2,5,75.0,Normal
2027-01-23 16:00:00,86,84.6,4,60.0,Normal
2027-01-23 17:00:00,69,81.6,3,45.0,Normal
2027-01-23 18:00:00,64,60.1,4,60.0,Normal
2027-01-23 19:00:00,65,55.3,4,60.0,Normal
2027-01-23 20:00:00,46,48.6,3,45.0,Normal
2027-01-23 21:00:00,35,31.7,2,30.0,Normal
2027-01-23 22:00:00,30,26.9,2,30.0,Normal
2027-01-23 23:00:00,25,26.0,4,60.0,Normal
2027-01-24 00:00:00,22,21.8,2,30.0,Normal
2027-01-24 01:00:00,17,17.5,2,30.0,Normal
2027-01-24 02:00:00,16,12.6,2,30.0,Normal
2027-01-24 03:00:00,13,13.7,2,30.0,Normal
2027-01-24 04:00:00,11,11.7,3,45.0,Normal
2027-01-24 05:00:00,13,9.3,3,45.0,Normal
2027-01-24 06:00:00,24,20.6,3,45.0,Normal
2027-01-24 07:00:00,34,35.4,3,45.0,Normal
2027-01-24 08:00:00,51,47.8,3,45.0,Normal
2027-01-24 09:00:00,60,60.9,3,45.0,Normal
2027-01-24 10:00:00,57,67.7,3,45.0,Normal
2027-01-24 11:00:00,44,42.3,3,45.0,Normal
2027-01-24 12:00:00,37,34.9,3,45.0,Normal
2027-01-24 13:00:00,29,40.6,3,45.0,Normal
2027-01-24 14:00:00,45,34.8,3,45.0,Normal
2027-01-24 15:00:00,46,50.2,3,45.0,Normal
2027-01-24 16:00:00,46,48.1,3,45.0,Normal
2027-01-24 17:00:00,40,39.2,3,45.0,Normal
2027-01-24 18:00:00,42,36.2,3,45.0,Normal
2027-01-24 19:00:00,39,40.1,3,45.0,Normal
2027-01-24 20:00:00,37,28.6,2,30.0,Normal
2027-01-24 21:00:00,26,31.2,3,45.0,Normal
2027-01-24 22:00:00,24,22.5,3,45.0,Normal
2027-01-24 23:00:00,27,21.5,2,30.0,Normal
2027-01-25 00:00:00,27,27.3,2,30.0,Normal
2027-01-25 01:00:00,34,27.2,2,30.0,Normal
2027-01-25 02:00:00,27,35.2,3,45.0,Normal
2027-01-25 03:00:00,32,26.6,2,30.0,Normal
2027-01-25 04:00:00,22,31.8,3,45.0,Normal
2027-01-25 05:00:00,21,22.0,3,45.0,Normal
2027-01-25 06:00:00,35,35.8,4,60.0,Normal
2027-01-25 07:00:00,50,50.6,4,60.0,Normal
2027-01-25 08:00:00,69,81.4,8,120.0,Normal
2027-01-25 09:00:00,96,80.4,7,105.0,Normal
2027-01-25 10:00:00,115,105.7,8,120.0,Normal
2027-01-25 11:00:00,81,96.6,3,45.0,Normal
2027-01-25 12:00:00,56,60.2,3,45.0,Normal
2027-01-25 13:00:00,63,55.4,5,75.0,Normal
2027-01-25 14:00:00,79,80.8,6,90.0,Normal
2027-01-25 15:00:00,91,93.8,6,90.0,Normal
2027-01-25 16:00:00,106,101.9,8,120.0,Normal
2027-01-25 17:00:00,100,91.8,5,75.0,Normal
2027-01-25 18:00:00,94,88.8,5,75.0,Normal
2027-01-25 19:00:00,97,89.6,5,75.0,Normal
2027-01-25 20:00:00,73,75.1,2,30.0,Normal
2027-01-25 21:00:00,47,59.6,2,30.0,Normal
2027-01-25 22:00:00,30,38.5,2,30.0,Normal
2027-01-25 23:00:00,27,23.9,2,30.0,Normal
2027-01-26 00:00:00,29,20.7,2,30.0,Normal
2027-01-26 01:00:00,27,28.5,2,30.0,Normal
2027-01-26 02:00:00,29,26.4,2,30.0,Normal
2027-01-26 03:00:00,30,30.8,2,30.0,Normal
2027-01-26 04:00:00,23,31.7,3,45.0,Normal
2027-01-26 05:00:00,24,23.4,2,30.0,Normal
2027-01-26 06:00:00,45,38.5,4,60.0,Normal
2027-01-26 07:00:00,60,56.1,4,60.0,Normal
2027-01-26 08:00:00,90,87.2,7,105.0,Normal
2027-01-26 09:00:00,100,107.3,6,90.0,Normal
2027-01-26 10:00:00,111,116.6,6,90.0,Normal
2027-01-26 11:00:00,82,77.4,4,60.0,Normal
2027-01-26 12:00:00,61,65.3,4,60.0,Normal
2027-01-26 13:00:00,69,62.6,5,75.0,Normal
2027-01-26 14:00:00,87,81.9,6,90.0,Normal
2027-01-26 15:00:00,107,101.7,6,90.0,Normal
2027-01-26 16:00:00,114,118.1,6,90.0,Normal
2027-01-26 17:00:00,105,103.9,6,90.0,Normal
2027-01-26 18:00:00,90,94.2,6,90.0,Normal
2027-01-26 19:00:00,85,86.7,6,90.0,Normal
2027-01-26 20:00:00,62,65.4,2,30.0,Normal
2027-01-26 21:00:00,40,49.1,2,30.0,Normal
2027-01-26 22:00:00,29,29.5,2,30.0,Normal
2027-01-26 23:00:00,19,21.9,2,30.0,Normal
2027-01-27 00:00:00,12,14.1,2,30.0,Normal
2027-01-27 01:00:00,11,9.2,2,30.0,Normal
2027-01-27 02:00:00,11,11.8,2,30.0,Normal
2027-01-27 03:00:00,10,12.6,2,30.0,Normal
2027-01-27 04:00:00,19,12.9,2,30.0,Normal
2027-01-27 05:00:00,24,22.4,3,45.0,Normal
2027-01-27 06:00:00,48,42.1,4,60.0,Normal
2027-01-27 07:00:00,62,63.0,3,45.0,Normal
2027-01-27 08:00:00,81,87.8,7,105.0,Normal
2027-01-27 09:00:00,96,93.9,8,120.0,Normal
2027-01-27 10:00:00,98,102.7,7,105.0,Normal
2027-01-27 11:00:00,67,70.7,3,45.0,Normal
2027-01-27 12:00:00,52,49.8,3,45.0,Normal
2027-01-27 13:00:00,63,55.8,5,75.0,Normal
2027-01-27 14:00:00,80,78.3,7,105.0,Normal
2027-01-27 15:00:00,99,93.8,7,105.0,Normal
2027-01-27 16:00:00,113,109.4,7,105.0,Normal
2027-01-27 17:00:00,104,101.4,6,90.0,Normal
2027-01-27 18:00:00,92,92.3,5,75.0,Normal
2027-01-27 19:00:00,90,88.9,6,90.0,Normal
2027-01-27 20:00:00,63,69.9,2,30.0,Normal
2027-01-27 21:00:00,50,50.4,2,30.0,Normal
2027-01-27 22:00:00,35,39.2,2,30.0,Normal
2027-01-27 23:00:00,32,27.4,2,30.0,Normal
2027-01-28 00:00:00,32,25.6,2,30.0,Normal
2027-01-28 01:00:00,24,29.8,3,45.0,Normal
2027-01-28 02:00:00,20,23.1,3,45.0,Normal
2027-01-28 03:00:00,20,21.2,2,30.0,Normal
2027-01-28 04:00:00,9,22.7,2,30.0,Normal
2027-01-28 05:00:00,13,9.4,2,30.0,Normal
2027-01-28 06:00:00,40,28.2,4,60.0,Normal
2027-01-28 07:00:00,47,52.0,4,60.0,Normal
2027-01-28 08:00:00,78,76.5,6,90.0,Normal
2027-01-28 09:00:00,94,96.3,8,120.0,Normal
2027-01-28 10:00:00,102,105.9,7,105.0,Normal
2027-01-28 11:00:00,85,79.7,4,60.0,Normal
2027-01-28 12:00:00,67,64.5,3,45.0,Normal
2027-01-28 13:00:00,70,71.1,5,75.0,Normal
2027-01-28 14:00:00,89,84.4,8,120.0,Normal
2027-01-28 15:00:00,94,100.9,7,105.0,Normal
2027-01-28 16:00:00,110,101.8,8,120.0,Normal
2027-01-28 17:00:00,95,102.0,5,75.0,Normal
2027-01-28 18:00:00,88,86.9,6,90.0,Normal
2027-01-28 19:00:00,92,84.9,5,75.0,Normal
2027-01-28 20:00:00,62,71.0,2,30.0,Normal
2027-01-28 21:00:00,52,47.5,3,45.0,Normal
2027-01-28 22:00:00,48,40.2,2,30.0,Normal
2027-01-28 23:00:00,40,40.8,2,30.0,Normal
2027-01-29 00:00:00,39,34.1,2,30.0,Normal
2027-01-29 01:00:00,31,36.1,2,30.0,Normal
2027-01-29 02:00:00,29,30.0,3,45.0,Normal
2027-01-29 03:00:00,27,29.3,2,30.0,Normal
2027-01-29 04:00:00,26,25.9,2,30.0,Normal
2027-01-29 05:00:00,18,26.4,3,45.0,Normal
2027-01-29 06:00:00,30,33.9,3,45.0,Normal
2027-01-29 07:00:00,44,43.4,4,60.0,Normal
2027-01-29 08:00:00,67,72.8,7,105.0,Normal
2027-01-29 09:00:00,86,86.6,7,105.0,Normal
2027-01-29 10:00:00,112,100.5,7,105.0,Normal
2027-01-29 11:00:00,83,93.2,3,45.0,Normal
2027-01-29 12:00:00,65,63.1,4,60.0,Normal
2027-01-29 13:00:00,66,65.4,6,90.0,Normal
2027-01-29 14:00:00,93,83.2,8,120.0,Normal
2027-01-29 15:00:00,103,106.8,6,90.0,Normal
2027-01-29 16:00:00,106,111.7,8,120.0,Normal
2027-01-29 17:00:00,96,95.2,5,75.0,Normal
2027-01-29 18:00:00,83,84.7,4,60.0,Normal
2027-01-29 19:00:00,74,75.7,4,60.0,Normal
2027-01-29 20:00:00,51,52.3,2,30.0,Normal
2027-01-29 21:00:00,41,34.7,2,30.0,Normal
2027-01-29 22:00:00,34,29.6,2,30.0,Normal
2027-01-29 23:00:00,40,27.9,2,30.0,Normal
2027-01-30 00:00:00,43,37.0,4,60.0,Normal
2027-01-30 01:00:00,32,41.5,3,45.0,Normal
2027-01-30 02:00:00,29,27.6,4,60.0,Normal
2027-01-30 03:00:00,25,27.7,3,45.0,Normal
2027-01-30 04:00:00,22,24.3,2,30.0,Normal
2027-01-30 05:00:00,22,20.7,4,60.0,Normal
2027-01-30 06:00:00,42,36.7,3,45.0,Normal
2027-01-30 07:00:00,42,53.4,3,45.0,Normal
2027-01-30 08:00:00,63,60.9,4,60.0,Normal
2027-01-30 09:00:00,77,81.9,6,90.0,Normal
2027-01-30 10:00:00,83,90.0,5,75.0,Normal
2027-01-30 11:00:00,64,61.2,3,45.0,Normal
2027-01-30 12:00:00,59,47.6,3,45.0,Normal
2027-01-30 13:00:00,66,61.0,4,60.0,Normal
2027-01-30 14:00:00,70,82.0,6,90.0,Normal
2027-01-30 15:00:00,74,80.1,5,75.0,Normal
2027-01-30 16:00:00,79,80.8,6,90.0,Normal
2027-01-30 17:00:00,75,70.0,3,45.0,Normal
2027-01-30 18:00:00,63,65.3,5,75.0,Normal
2027-01-30 19:00:00,52,53.3,4,60.0,Normal
2027-01-30 20:00:00,32,37.5,2,30.0,Normal
2027-01-30 21:00:00,26,21.4,3,45.0,Normal
2027-01-30 22:00:00,24,20.4,2,30.0,Normal
2027-01-30 23:00:00,21,18.9,2,30.0,Normal
2027-01-31 00:00:00,21,18.4,2,30.0,Normal
2027-01-31 01:00:00,21,19.1,2,30.0,Normal
2027-01-31 02:00:00,28,18.9,3,45.0,Normal
2027-01-31 03:00:00,21,28.9,2,30.0,Normal
2027-01-31 04:00:00,13,19.5,2,30.0,Normal
2027-01-31 05:00:00,5,9.8,2,30.0,Normal
2027-01-31 06:00:00,15,10.8,3,45.0,Normal
2027-01-31 07:00:00,29,19.1,3,45.0,Normal
2027-01-31 08:00:00,41,45.7,3,45.0,Normal
2027-01-31 09:00:00,45,50.0,3,45.0,Normal
2027-01-31 10:00:00,55,49.6,3,45.0,Normal
2027-01-31 11:00:00,43,41.8,3,45.0,Normal
2027-01-31 12:00:00,40,34.8,3,45.0,Normal
2027-01-31 13:00:00,41,43.1,3,45.0,Normal
2027-01-31 14:00:00,51,50.8,3,45.0,Normal
2027-01-31 15:00:00,57,56.0,3,45.0,Normal
2027-01-31 16:00:00,60,58.4,4,60.0,Normal
2027-01-31 17:00:00,49,52.0,3,45.0,Normal
2027-01-31 18:00:00,48,44.7,3,45.0,Normal
2027-01-31 19:00:00,35,46.2,3,45.0,Normal
2027-01-31 20:00:00,27,26.0,2,30.0,Normal
2027-01-31 21:00:00,22,21.1,2,30.0,Normal
2027-01-31 22:00:00,24,18.3,2,30.0,Normal
2027-01-31 23:00:00,26,22.5,2,30.0,Normal
2027-02-01 00:00:00,24,25.1,2,30.0,Normal
2027-02-01 01:00:00,13,24.5,2,30.0,Normal
2027-02-01 02:00:00,15,12.9,2,30.0,Normal
2027-02-01 03:00:00,14,15.3,2,30.0,Normal
2027-02-01 04:00:00,14,14.5,2,30.0,Normal
2027-02-01 05:00:00,18,14.3,3,45.0,Normal
2027-02-01 06:00:00,51,33.0,4,60.0,Pre-Holiday Rush
2027-02-01 07:00:00,67,65.0,4,60.0,Pre-Holiday Rush
2027-02-01 08:00:00,89,86.1,8,120.0,Pre-Holiday Rush
2027-02-01 09:00:00,113,102.7,6,90.0,Pre-Holiday Rush
2027-02-01 10:00:00,128,126.7,7,105.0,Pre-Holiday Rush
2027-02-01 11:00:00,108,109.2,3,45.0,Pre-Holiday Rush
2027-02-01 12:00:00,82,88.9,3,45.0,Pre-Holiday Rush
2027-02-01 13:00:00,68,85.8,5,75.0,Pre-Holiday Rush
2027-02-01 14:00:00,75,83.6,7,105.0,Pre-Holiday Rush
2027-02-01 15:00:00,96,86.2,7,105.0,Pre-Holiday Rush
2027-02-01 16:00:00,112,107.4,7,105.0,Pre-Holiday Rush
2027-02-01 17:00:00,111,113.4,6,90.0,Pre-Holiday Rush
2027-02-01 18:00:00,101,105.8,5,75.0,Pre-Holiday Rush
2027-02-01 19:00:00,99,94.1,4,60.0,Pre-Holiday Rush
2027-02-01 20:00:00,62,80.1,2,30.0,Pre-Holiday Rush
2027-02-01 21:00:00,53,41.6,2,30.0,Pre-Holiday Rush
2027-02-01 22:00:00,42,34.2,3,45.0,Pre-Holiday Rush
2027-02-01 23:00:00,31,32.2,3,45.0,Pre-Holiday Rush
2027-02-02 00:00:00,21,27.3,3,45.0,Pre-Holiday Rush
2027-02-02 01:00:00,11,17.3,3,45.0,Pre-Holiday Rush
2027-02-02 02:00:00,10,10.0,2,30.0,Pre-Holiday Rush
2027-02-02 03:00:00,27,10.4,3,45.0,Pre-Holiday Rush
2027-02-02 04:00:00,22,30.4,2,30.0,Pre-Holiday Rush
2027-02-02 05:00:00,27,25.4,3,45.0,Pre-Holiday Rush
2027-02-02 06:00:00,47,41.2,3,45.0,Pre-Holiday Rush
2027-02-02 07:00:00,63,63.6,5,75.0,Pre-Holiday Rush
2027-02-02 08:00:00,101,89.7,8,120.0,Pre-Holiday Rush
2027-02-02 09:00:00,118,125.4,7,105.0,Pre-Holiday Rush
2027-02-02 10:00:00,132,128.2,6,90.0,Pre-Holiday Rush
2027-02-02 11:00:00,89,109.9,3,45.0,Pre-Holiday Rush
2027-02-02 12:00:00,64,66.8,4,60.0,Pre-Holiday Rush
2027-02-02 13:00:00,64,62.2,5,75.0,Pre-Holiday Rush
2027-02-02 14:00:00,84,81.4,7,105.0,Pre-Holiday Rush
2027-02-02 15:00:00,96,96.7,7,105.0,Pre-Holiday Rush
2027-02-02 16:00:00,116,104.9,7,105.0,Pre-Holiday Rush
2027-02-02 17:00:00,102,114.6,4,60.0,Pre-Holiday Rush
2027-02-02 18:00:00,98,96.9,5,75.0,Pre-Holiday Rush
2027-02-02 19:00:00,101,93.9,6,90.0,Pre-Holiday Rush
2027-02-02 20:00:00,76,78.2,2,30.0,Pre-Holiday Rush
2027-02-02 21:00:00,55,54.5,3,45.0,Pre-Holiday Rush
2027-02-02 22:00:00,40,37.4,2,30.0,Pre-Holiday Rush
2027-02-02 23:00:00,23,27.3,3,45.0,Pre-Holiday Rush
2027-02-03 00:00:00,18,17.5,2,30.0,Pre-Holiday Rush
2027-02-03 01:00:00,12,13.5,3,45.0,Pre-Holiday Rush
2027-02-03 02:00:00,17,10.3,2,30.0,Pre-Holiday Rush
2027-02-03 03:00:00,23,19.1,3,45.0,Pre-Holiday Rush
2027-02-03 04:00:00,28,27.1,2,30.0,Pre-Holiday Rush
2027-02-03 05:00:00,27,31.9,2,30.0,Pre-Holiday Rush
2027-02-03 06:00:00,46,40.1,4,60.0,Pre-Holiday Rush
2027-02-03 07:00:00,57,55.2,3,45.0,Pre-Holiday Rush
2027-02-03 08:00:00,90,87.2,6,90.0,Pre-Holiday Rush
2027-02-03 09:00:00,111,112.4,6,90.0,Pre-Holiday Rush
2027-02-03 10:00:00,120,127.6,6,90.0,Pre-Holiday Rush
2027-02-03 11:00:00,86,82.6,4,60.0,Pre-Holiday Rush
2027-02-03 12:00:00,57,66.2,3,45.0,Pre-Holiday Rush
2027-02-03 13:00:00,67,59.7,5,75.0,Pre-Holiday Rush
2027-02-03 14:00:00,90,88.2,6,90.0,Pre-Holiday Rush
2027-02-03 15:00:00,100,103.3,6,90.0,Pre-Holiday Rush
2027-02-03 16:00:00,119,111.8,6,90.0,Pre-Holiday Rush
2027-02-03 17:00:00,112,109.5,6,90.0,Pre-Holiday Rush
2027-02-03 18:00:00,109,105.1,4,60.0,Pre-Holiday Rush
2027-02-03 19:00:00,95,104.1,4,60.0,Pre-Holiday Rush
2027-02-03 20:00:00,73,71.5,3,45.0,Pre-Holiday Rush
2027-02-03 21:00:00,54,53.0,2,30.0,Pre-Holiday Rush
2027-02-03 22:00:00,39,41.0,2,30.0,Pre-Holiday Rush
2027-02-03 23:00:00,27,29.9,2,30.0,Pre-Holiday Rush
2027-02-04 00:00:00,26,23.4,2,30.0,Pre-Holiday Rush
2027-02-04 01:00:00,26,23.9,2,30.0,Pre-Holiday Rush
2027-02-04 02:00:00,20,26.9,2,30.0,Pre-Holiday Rush
2027-02-04 03:00:00,23,22.2,2,30.0,Pre-Holiday Rush
2027-02-04 04:00:00,18,25.2,3,45.0,Pre-Holiday Rush
2027-02-04 05:00:00,25,20.1,2,30.0,Pre-Holiday Rush
2027-02-04 06:00:00,51,41.1,4,60.0,Pre-Holiday Rush
2027-02-04 07:00:00,67,63.2,4,60.0,Pre-Holiday Rush
2027-02-04 08:00:00,112,99.4,7,105.0,Pre-Holiday Rush
2027-02-04 09:00:00,134,134.9,7,105.0,Pre-Holiday Rush
2027-02-04 10:00:00,140,140.8,6,90.0,Pre-Holiday Rush
2027-02-04 11:00:00,96,112.8,3,45.0,Pre-Holiday Rush
2027-02-04 12:00:00,71,74.6,4,60.0,Pre-Holiday Rush
2027-02-04 13:00:00,79,74.2,6,90.0,Pre-Holiday Rush
2027-02-04 14:00:00,106,97.5,8,120.0,Pre-Holiday Rush
2027-02-04 15:00:00,124,121.5,8,120.0,Pre-Holiday Rush
2027-02-04 16:00:00,139,134.7,8,120.0,Pre-Holiday Rush
2027-02-04 17:00:00,111,125.3,4,60.0,Pre-Holiday Rush
2027-02-04 18:00:00,99,107.3,5,75.0,Pre-Holiday Rush
2027-02-04 19:00:00,96,96.0,4,60.0,Pre-Holiday Rush
2027-02-04 20:00:00,63,73.6,2,30.0,Pre-Holiday Rush
2027-02-04 21:00:00,44,43.7,2,30.0,Pre-Holiday Rush
2027-02-04 22:00:00,30,32.5,2,30.0,Pre-Holiday Rush
2027-02-04 23:00:00,23,20.5,2,30.0,Normal
2027-02-05 00:00:00,26,17.7,2,30.0,Normal
2027-02-05 01:00:00,23,22.7,2,30.0,Normal
2027-02-05 02:00:00,24,23.0,2,30.0,Normal
2027-02-05 03:00:00,26,24.5,2,30.0,Normal
2027-02-05 04:00:00,20,27.9,2,30.0,Normal
2027-02-05 05:00:00,21,19.8,3,45.0,Normal
2027-02-05 06:00:00,28,34.7,3,45.0,Normal
2027-02-05 07:00:00,28,37.1,3,45.0,Normal
2027-02-05 08:00:00,26,39.4,3,45.0,Normal
2027-02-05 09:00:00,9,22.2,3,45.0,Normal
2027-02-05 10:00:00,7,0.0,3,45.0,Normal
2027-02-05 11:00:00,7,0.0,3,45.0,Normal
2027-02-05 12:00:00,0,3.5,3,45.0,Normal
2027-02-05 13:00:00,8,0.0,3,45.0,Normal
2027-02-05 14:00:00,8,4.5,3,45.0,Normal
2027-02-05 15:00:00,11,3.6,3,45.0,Normal
2027-02-05 16:00:00,8,6.2,3,45.0,Normal
2027-02-05 17:00:00,22,6.4,3,45.0,Normal
2027-02-05 18:00:00,18,30.4,3,45.0,Normal
2027-02-05 19:00:00,18,21.5,3,45.0,Normal
2027-02-05 20:00:00,14,19.3,2,30.0,Normal
2027-02-05 21:00:00,14,16.2,2,30.0,Normal
2027-02-05 22:00:00,15,14.6,2,30.0,Normal
2027-02-05 23:00:00,14,16.1,2,30.0,Normal
2027-02-06 00:00:00,12,16.6,2,30.0,Normal
2027-02-06 01:00:00,19,11.2,3,45.0,Normal
2027-02-06 02:00:00,15,19.7,2,30.0,Normal
2027-02-06 03:00:00,8,16.8,2,30.0,Normal
2027-02-06 04:00:00,8,7.1,2,30.0,Normal
2027-02-06 05:00:00,18,7.7,2,30.0,Normal
2027-02-06 06:00:00,17,26.9,3,45.0,Normal
2027-02-06 07:00:00,11,20.7,3,45.0,Normal
2027-02-06 08:00:00,13,8.1,3,45.0,Normal
2027-02-06 09:00:00,18,7.2,3,45.0,Normal
2027-02-06 10:00:00,11,15.2,3,45.0,Normal
2027-02-06 11:00:00,10,6.2,3,45.0,Normal
2027-02-06 12:00:00,4,8.9,3,45.0,Normal
2027-02-06 13:00:00,3,3.1,3,45.0,Normal
2027-02-06 14:00:00,9,2.0,3,45.0,Normal
2027-02-06 15:00:00,12,8.5,3,45.0,Normal
2027-02-06 16:00:00,22,11.9,3,45.0,Normal
2027-02-06 17:00:00,20,23.9,3,45.0,Normal
2027-02-06 18:00:00,23,20.4,3,45.0,Normal
2027-02-06 19:00:00,17,27.3,3,45.0,Normal
2027-02-06 20:00:00,22,16.2,2,30.0,Normal
2027-02-06 21:00:00,23,21.9,3,45.0,Normal
2027-02-06 22:00:00,20,23.5,2,30.0,Normal
2027-02-06 23:00:00,25,19.7,2,30.0,Normal
2027-02-07 00:00:00,23,27.3,2,30.0,Normal
2027-02-07 01:00:00,27,20.9,3,45.0,Normal
2027-02-07 02:00:00,24,26.6,3,45.0,Normal
2027-02-07 03:00:00,23,20.9,2,30.0,Normal
2027-02-07 04:00:00,20,21.0,2,30.0,Normal
2027-02-07 05:00:00,14,19.2,2,30.0,Normal
2027-02-07 06:00:00,11,16.2,3,45.0,Normal
2027-02-07 07:00:00,11,15.3,3,45.0,Normal
2027-02-07 08:00:00,9,16.3,3,45.0,Normal
2027-02-07 09:00:00,10,8.3,3,45.0,Normal
2027-02-07 10:00:00,12,7.8,3,45.0,Normal
2027-02-07 11:00:00,19,12.3,3,45.0,Normal
2027-02-07 12:00:00,19,21.8,3,45.0,Normal
2027-02-07 13:00:00,12,22.9,3,45.0,Normal
2027-02-07 14:00:00,13,13.4,3,45.0,Normal
2027-02-07 15:00:00,15,10.5,3,45.0,Normal
2027-02-07 16:00:00,8,11.9,3,45.0,Normal
2027-02-07 17:00:00,8,9.2,3,45.0,Normal
2027-02-07 18:00:00,22,8.8,3,45.0,Normal
2027-02-07 19:00:00,21,23.2,3,45.0,Normal
2027-02-07 20:00:00,21,18.9,2,30.0,Normal
2027-02-07 21:00:00,28,18.1,2,30.0,Normal
2027-02-07 22:00:00,22,26.3,2,30.0,Normal
2027-02-07 23:00:00,18,20.5,2,30.0,Normal
2027-02-08 00:00:00,10,16.4,3,45.0,Normal
2027-02-08 01:00:00,1,8.5,3,45.0,Normal
2027-02-08 02:00:00,4,0.0,2,30.0,Normal
2027-02-08 03:00:00,10,1.0,2,30.0,Normal
2027-02-08 04:00:00,7,12.8,2,30.0,Normal
2027-02-08 05:00:00,6,8.6,2,30.0,Normal
2027-02-08 06:00:00,15,18.5,3,45.0,Normal
2027-02-08 07:00:00,24,15.9,3,45.0,Normal
2027-02-08 08:00:00,17,32.7,3,45.0,Normal
2027-02-08 09:00:00,14,11.4,3,45.0,Normal
2027-02-08 10:00:00,15,7.3,3,45.0,Normal
2027-02-08 11:00:00,13,6.8,3,45.0,Normal
2027-02-08 12:00:00,16,11.3,3,45.0,Normal
2027-02-08 13:00:00,11,16.5,3,45.0,Normal
2027-02-08 14:00:00,6,13.3,3,45.0,Normal
2027-02-08 15:00:00,12,4.6,3,45.0,Normal
2027-02-08 16:00:00,19,13.7,3,45.0,Normal
2027-02-08 17:00:00,22,17.7,3,45.0,Normal
2027-02-08 18:00:00,23,23.4,3,45.0,Normal
2027-02-08 19:00:00,27,24.5,3,45.0,Normal
2027-02-08 20:00:00,24,26.6,3,45.0,Normal
2027-02-08 21:00:00,22,22.8,3,45.0,Normal
2027-02-08 22:00:00,14,22.2,3,45.0,Normal
2027-02-08 23:00:00,10,14.7,3,45.0,Normal
2027-02-09 00:00:00,11,8.2,2,30.0,Normal
2027-02-09 01:00:00,16,7.6,3,45.0,Normal
2027-02-09 02:00:00,19,16.4,3,45.0,Normal
2027-02-09 03:00:00,16,20.9,2,30.0,Normal
2027-02-09 04:00:00,11,16.2,2,30.0,Normal
2027-02-09 05:00:00,5,11.7,3,45.0,Normal
2027-02-09 06:00:00,12,7.8,3,45.0,Normal
2027-02-09 07:00:00,17,14.2,3,45.0,Normal
2027-02-09 08:00:00,14,18.5,3,45.0,Normal
2027-02-09 09:00:00,22,10.6,3,45.0,Normal
2027-02-09 10:00:00,17,22.2,3,45.0,Normal
2027-02-09 11:00:00,25,10.4,3,45.0,Normal
2027-02-09 12:00:00,21,29.5,3,45.0,Normal
2027-02-09 13:00:00,7,21.0,3,45.0,Normal
2027-02-09 14:00:00,8,4.5,3,45.0,Normal
2027-02-09 15:00:00,4,8.2,3,45.0,Normal
2027-02-09 16:00:00,6,2.4,3,45.0,Normal
2027-02-09 17:00:00,5,4.6,3,45.0,Normal
2027-02-09 18:00:00,13,3.5,3,45.0,Normal
2027-02-09 19:00:00,7,15.4,3,45.0,Normal
2027-02-09 20:00:00,6,6.5,3,45.0,Normal
2027-02-09 21:00:00,11,7.3,2,30.0,Normal
2027-02-09 22:00:00,8,13.3,2,30.0,Normal
2027-02-09 23:00:00,7,9.1,2,30.0,Normal
2027-02-10 00:00:00,16,7.2,2,30.0,Normal
2027-02-10 01:00:00,19,18.9,2,30.0,Normal
2027-02-10 02:00:00,20,20.5,2,30.0,Normal
2027-02-10 03:00:00,16,17.9,2,30.0,Normal
2027-02-10 04:00:00,10,12.2,2,30.0,Normal
2027-02-10 05:00:00,12,10.1,3,45.0,Normal
2027-02-10 06:00:00,32,18.7,4,60.0,Normal
2027-02-10 07:00:00,36,46.9,4,60.0,Normal
2027-02-10 08:00:00,62,54.6,7,105.0,Normal
2027-02-10 09:00:00,78,79.1,8,120.0,Normal
2027-02-10 10:00:00,90,89.6,6,90.0,Normal
2027-02-10 11:00:00,62,72.1,3,45.0,Normal
2027-02-10 12:00:00,48,47.4,3,45.0,Normal
2027-02-10 13:00:00,49,54.4,4,60.0,Normal
2027-02-10 14:00:00,64,66.9,8,120.0,Normal
2027-02-10 15:00:00,69,75.2,8,120.0,Normal
2027-02-10 16:00:00,77,71.1,6,90.0,Normal
2027-02-10 17:00:00,77,73.2,5,75.0,Normal
2027-02-10 18:00:00,78,73.0,4,60.0,Normal
2027-02-10 19:00:00,79,78.5,4,60.0,Normal
2027-02-10 20:00:00,56,64.1,2,30.0,Normal
2027-02-10 21:00:00,37,37.8,3,45.0,Normal
2027-02-10 22:00:00,36,25.5,2,30.0,Normal
2027-02-10 23:00:00,25,28.8,2,30.0,Normal
2027-02-11 00:00:00,23,18.4,2,30.0,Normal
2027-02-11 01:00:00,21,19.4,2,30.0,Normal
2027-02-11 02:00:00,22,18.5,2,30.0,Normal
2027-02-11 03:00:00,23,20.4,3,45.0,Normal
2027-02-11 04:00:00,32,22.3,2,30.0,Normal
2027-02-11 05:00:00,28,32.9,2,30.0,Normal
2027-02-11 06:00:00,30,43.1,4,60.0,Normal
2027-02-11 07:00:00,43,40.6,4,60.0,Normal
2027-02-11 08:00:00,58,59.4,8,120.0,Normal
2027-02-11 09:00:00,67,72.9,8,120.0,Normal
2027-02-11 10:00:00,82,75.9,6,90.0,Normal
2027-02-11 11:00:00,61,76.8,4,60.0,Normal
2027-02-11 12:00:00,51,48.0,3,45.0,Normal
2027-02-11 13:00:00,46,56.7,5,75.0,Normal
2027-02-11 14:00:00,66,55.1,7,105.0,Normal
2027-02-11 15:00:00,78,75.3,7,105.0,Normal
2027-02-11 16:00:00,89,85.7,6,90.0,Normal
2027-02-11 17:00:00,77,80.2,4,60.0,Normal
2027-02-11 18:00:00,77,72.9,4,60.0,Normal
2027-02-11 19:00:00,81,75.2,5,75.0,Normal
2027-02-11 20:00:00,63,58.2,2,30.0,Normal
2027-02-11 21:00:00,51,47.7,2,30.0,Normal
2027-02-11 22:00:00,39,38.5,2,30.0,Normal
2027-02-11 23:00:00,32,30.8,3,45.0,Normal
2027-02-12 00:00:00,22,28.2,3,45.0,Normal
2027-02-12 01:00:00,21,17.9,2,30.0,Normal
2027-02-12 02:00:00,13,20.0,2,30.0,Normal
2027-02-12 03:00:00,14,12.5,2,30.0,Normal
2027-02-12 04:00:00,14,14.5,2,30.0,Normal
2027-02-12 05:00:00,28,15.1,2,30.0,Normal
2027-02-12 06:00:00,37,43.1,4,60.0,Normal
2027-02-12 07:00:00,49,46.7,5,75.0,Normal
2027-02-12 08:00:00,64,63.1,7,105.0,Normal
2027-02-12 09:00:00,74,77.8,7,105.0,Normal
2027-02-12 10:00:00,77,80.6,8,120.0,Normal
2027-02-12 11:00:00,66,61.1,3,45.0,Normal
2027-02-12 12:00:00,48,54.0,3,45.0,Normal
2027-02-12 13:00:00,50,52.3,5,75.0,Normal
2027-02-12 14:00:00,64,62.6,7,105.0,Normal
2027-02-12 15:00:00,78,76.7,7,105.0,Normal
2027-02-12 16:00:00,87,82.8,8,120.0,Normal
2027-02-12 17:00:00,80,84.1,6,90.0,Normal
2027-02-12 18:00:00,73,78.0,4,60.0,Normal
2027-02-12 19:00:00,61,69.5,5,75.0,Normal
2027-02-12 20:00:00,40,43.5,3,45.0,Normal
2027-02-12 21:00:00,38,22.8,2,30.0,Normal
2027-02-12 22:00:00,34,28.4,2,30.0,Normal
2027-02-12 23:00:00,27,28.7,3,45.0,Normal
2027-02-13 00:00:00,26,22.7,3,45.0,Normal
2027-02-13 01:00:00,26,22.8,3,45.0,Normal
2027-02-13 02:00:00,24,23.3,3,45.0,Normal
2027-02-13 03:00:00,21,23.0,3,45.0,Normal
2027-02-13 04:00:00,20,19.9,2,30.0,Normal
2027-02-13 05:00:00,19,20.1,2,30.0,Normal
2027-02-13 06:00:00,24,31.4,3,45.0,Normal
2027-02-13 07:00:00,26,31.7,4,60.0,Normal
2027-02-13 08:00:00,36,36.5,6,90.0,Normal
2027-02-13 09:00:00,42,44.9,6,90.0,Normal
2027-02-13 10:00:00,50,45.3,6,90.0,Normal
2027-02-13 11:00:00,37,46.2,3,45.0,Normal
2027-02-13 12:00:00,40,29.4,3,45.0,Normal
2027-02-13 13:00:00,48,43.4,4,60.0,Normal
2027-02-13 14:00:00,62,60.4,5,75.0,Normal
2027-02-13 15:00:00,65,73.5,4,60.0,Normal
2027-02-13 16:00:00,66,70.9,5,75.0,Normal
2027-02-13 17:00:00,64,61.2,4,60.0,Normal
2027-02-13 18:00:00,54,54.7,4,60.0,Normal
2027-02-13 19:00:00,56,48.2,5,75.0,Normal
2027-02-13 20:00:00,39,48.4,3,45.0,Normal
2027-02-13 21:00:00,29,25.7,2,30.0,Normal
2027-02-13 22:00:00,30,20.6,2,30.0,Normal
2027-02-13 23:00:00,26,26.7,2,30.0,Normal
2027-02-14 00:00:00,27,23.6,2,30.0,Normal
2027-02-14 01:00:00,26,24.6,2,30.0,Normal
2027-02-14 02:00:00,28,24.5,3,45.0,Normal
2027-02-14 03:00:00,19,27.8,2,30.0,Normal
2027-02-14 04:00:00,17,17.2,3,45.0,Normal
2027-02-14 05:00:00,11,14.8,2,30.0,Normal
2027-02-14 06:00:00,12,15.2,3,45.0,Normal
2027-02-14 07:00:00,5,14.9,3,45.0,Normal
2027-02-14 08:00:00,25,9.9,4,60.0,Normal
2027-02-14 09:00:00,30,34.3,4,60.0,Normal
2027-02-14 10:00:00,34,35.1,3,45.0,Normal
2027-02-14 11:00:00,27,28.4,3,45.0,Normal
2027-02-14 12:00:00,21,20.2,3,45.0,Normal
2027-02-14 13:00:00,25,19.7,3,45.0,Normal
2027-02-14 14:00:00,25,31.3,3,45.0,Normal
2027-02-14 15:00:00,38,26.5,3,45.0,Normal
2027-02-14 16:00:00,38,43.2,3,45.0,Normal
2027-02-14 17:00:00,36,36.0,3,45.0,Normal
2027-02-14 18:00:00,36,33.9,3,45.0,Normal
2027-02-14 19:00:00,39,35.2,3,45.0,Normal
2027-02-14 20:00:00,23,28.7,2,30.0,Normal
2027-02-14 21:00:00,20,18.2,3,45.0,Normal
2027-02-14 22:00:00,16,17.0,2,30.0,Normal
2027-02-14 23:00:00,12,15.1,3,45.0,Normal
2027-02-15 00:00:00,13,12.3,2,30.0,Post-Holiday Recovery
2027-02-15 01:00:00,23,15.6,2,30.0,Post-Holiday Recovery
2027-02-15 02:00:00,28,24.7,2,30.0,Post-Holiday Recovery
2027-02-15 03:00:00,30,26.9,2,30.0,Post-Holiday Recovery
2027-02-15 04:00:00,22,29.7,3,45.0,Post-Holiday Recovery
2027-02-15 05:00:00,18,22.7,2,30.0,Post-Holiday Recovery
2027-02-15 06:00:00,43,31.2,5,75.0,Post-Holiday Recovery
2027-02-15 07:00:00,52,52.6,4,60.0,Post-Holiday Recovery
2027-02-15 08:00:00,94,71.2,7,105.0,Post-Holiday Recovery
2027-02-15 09:00:00,112,107.9,7,105.0,Post-Holiday Recovery
2027-02-15 10:00:00,121,114.0,6,90.0,Post-Holiday Recovery
2027-02-15 11:00:00,83,97.0,3,45.0,Post-Holiday Recovery
2027-02-15 12:00:00,65,74.2,3,45.0,Post-Holiday Recovery
2027-02-15 13:00:00,69,74.1,5,75.0,Post-Holiday Recovery
2027-02-15 14:00:00,88,84.8,7,105.0,Post-Holiday Recovery
2027-02-15 15:00:00,104,99.0,8,120.0,Post-Holiday Recovery
2027-02-15 16:00:00,117,103.4,7,105.0,Post-Holiday Recovery
2027-02-15 17:00:00,104,108.9,4,60.0,Post-Holiday Recovery
2027-02-15 18:00:00,99,97.5,6,90.0,Post-Holiday Recovery
2027-02-15 19:00:00,92,98.9,4,60.0,Post-Holiday Recovery
2027-02-15 20:00:00,65,76.5,3,45.0,Post-Holiday Recovery
2027-02-15 21:00:00,48,50.5,3,45.0,Post-Holiday Recovery
2027-02-15 22:00:00,33,37.2,2,30.0,Post-Holiday Recovery
2027-02-15 23:00:00,15,25.9,2,30.0,Post-Holiday Recovery
2027-02-16 00:00:00,9,11.8,3,45.0,Post-Holiday Recovery
2027-02-16 01:00:00,19,6.9,2,30.0,Post-Holiday Recovery
2027-02-16 02:00:00,16,21.4,2,30.0,Post-Holiday Recovery
2027-02-16 03:00:00,20,18.4,3,45.0,Post-Holiday Recovery
2027-02-16 04:00:00,31,21.6,2,30.0,Post-Holiday Recovery
2027-02-16 05:00:00,38,34.3,2,30.0,Post-Holiday Recovery
2027-02-16 06:00:00,62,47.7,4,60.0,Post-Holiday Recovery
2027-02-16 07:00:00,71,81.1,4,60.0,Post-Holiday Recovery
2027-02-16 08:00:00,99,91.2,7,105.0,Post-Holiday Recovery
2027-02-16 09:00:00,119,105.2,6,90.0,Post-Holiday Recovery
2027-02-16 10:00:00,130,118.0,8,120.0,Post-Holiday Recovery
2027-02-16 11:00:00,97,104.8,3,45.0,Post-Holiday Recovery
2027-02-16 12:00:00,68,86.7,3,45.0,Post-Holiday Recovery
2027-02-16 13:00:00,68,77.5,5,75.0,Post-Holiday Recovery
2027-02-16 14:00:00,90,86.7,8,120.0,Post-Holiday Recovery
2027-02-16 15:00:00,106,105.1,7,105.0,Post-Holiday Recovery
2027-02-16 16:00:00,118,113.6,7,105.0,Post-Holiday Recovery
2027-02-16 17:00:00,108,111.8,4,60.0,Post-Holiday Recovery
2027-02-16 18:00:00,105,102.7,5,75.0,Post-Holiday Recovery
2027-02-16 19:00:00,98,102.4,5,75.0,Post-Holiday Recovery
2027-02-16 20:00:00,73,78.1,2,30.0,Post-Holiday Recovery
2027-02-16 21:00:00,48,56.5,2,30.0,Post-Holiday Recovery
2027-02-16 22:00:00,30,33.5,2,30.0,Post-Holiday Recovery
2027-02-16 23:00:00,20,21.5,3,45.0,Post-Holiday Recovery
2027-02-17 00:00:00,11,13.8,2,30.0,Post-Holiday Recovery
2027-02-17 01:00:00,15,9.1,2,30.0,Post-Holiday Recovery
2027-02-17 02:00:00,18,16.5,3,45.0,Post-Holiday Recovery
2027-02-17 03:00:00,23,21.0,2,30.0,Post-Holiday Recovery
2027-02-17 04:00:00,17,25.6,2,30.0,Post-Holiday Recovery
2027-02-17 05:00:00,21,17.7,2,30.0,Post-Holiday Recovery
2027-02-17 06:00:00,45,32.6,4,60.0,Post-Holiday Recovery
2027-02-17 07:00:00,60,57.5,4,60.0,Post-Holiday Recovery
2027-02-17 08:00:00,90,83.9,8,120.0,Post-Holiday Recovery
2027-02-17 09:00:00,119,109.5,7,105.0,Post-Holiday Recovery
2027-02-17 10:00:00,137,129.0,7,105.0,Post-Holiday Recovery
2027-02-17 11:00:00,107,105.8,3,45.0,Post-Holiday Recovery
2027-02-17 12:00:00,76,92.2,4,60.0,Post-Holiday Recovery
2027-02-17 13:00:00,71,84.6,5,75.0,Post-Holiday Recovery
2027-02-17 14:00:00,85,82.0,7,105.0,Post-Holiday Recovery
2027-02-17 15:00:00,102,97.1,7,105.0,Post-Holiday Recovery
2027-02-17 16:00:00,121,115.2,7,105.0,Post-Holiday Recovery
2027-02-17 17:00:00,104,117.1,6,90.0,Post-Holiday Recovery
2027-02-17 18:00:00,98,103.5,6,90.0,Post-Holiday Recovery
2027-02-17 19:00:00,88,99.0,4,60.0,Post-Holiday Recovery
2027-02-17 20:00:00,55,63.8,3,45.0,Post-Holiday Recovery
2027-02-17 21:00:00,42,32.3,3,45.0,Post-Holiday Recovery
2027-02-17 22:00:00,36,26.0,3,45.0,Post-Holiday Recovery
2027-02-17 23:00:00,25,29.0,2,30.0,Post-Holiday Recovery
2027-02-18 00:00:00,22,21.1,2,30.0,Normal
2027-02-18 01:00:00,20,19.4,3,45.0,Normal
2027-02-18 02:00:00,11,19.9,2,30.0,Normal
2027-02-18 03:00:00,10,11.0,2,30.0,Normal
2027-02-18 04:00:00,11,10.8,2,30.0,Normal
2027-02-18 05:00:00,8,13.2,2,30.0,Normal
2027-02-18 06:00:00,19,20.3,3,45.0,Normal
2027-02-18 07:00:00,22,25.0,3,45.0,Normal
2027-02-18 08:00:00,39,32.2,6,90.0,Normal
2027-02-18 09:00:00,66,50.0,8,120.0,Normal
2027-02-18 10:00:00,80,86.4,6,90.0,Normal
2027-02-18 11:00:00,63,71.4,4,60.0,Normal
2027-02-18 12:00:00,51,49.2,3,45.0,Normal
2027-02-18 13:00:00,59,50.1,5,75.0,Normal
2027-02-18 14:00:00,76,74.9,6,90.0,Normal
2027-02-18 15:00:00,82,90.2,6,90.0,Normal
2027-02-18 16:00:00,88,90.4,7,105.0,Normal
2027-02-18 17:00:00,78,80.8,5,75.0,Normal
2027-02-18 18:00:00,72,70.7,5,75.0,Normal
2027-02-18 19:00:00,67,70.2,4,60.0,Normal
2027-02-18 20:00:00,46,48.4,2,30.0,Normal
2027-02-18 21:00:00,31,34.4,2,30.0,Normal
2027-02-18 22:00:00,25,22.8,3,45.0,Normal
2027-02-18 23:00:00,29,19.0,3,45.0,Normal
2027-02-19 00:00:00,26,26.1,2,30.0,Normal
2027-02-19 01:00:00,21,22.4,2,30.0,Normal
2027-02-19 02:00:00,24,17.5,3,45.0,Normal
2027-02-19 03:00:00,23,22.2,2,30.0,Normal
2027-02-19 04:00:00,22,22.6,3,45.0,Normal
2027-02-19 05:00:00,25,23.4,2,30.0,Normal
2027-02-19 06:00:00,41,41.1,3,45.0,Normal
2027-02-19 07:00:00,50,49.5,4,60.0,Normal
2027-02-19 08:00:00,69,70.8,6,90.0,Normal
2027-02-19 09:00:00,81,82.1,8,120.0,Normal
2027-02-19 10:00:00,81,86.9,6,90.0,Normal
2027-02-19 11:00:00,60,59.6,3,45.0,Normal
2027-02-19 12:00:00,50,44.3,3,45.0,Normal
2027-02-19 13:00:00,52,54.2,5,75.0,Normal
2027-02-19 14:00:00,60,67.3,8,120.0,Normal
2027-02-19 15:00:00,75,67.1,7,105.0,Normal
2027-02-19 16:00:00,82,83.9,7,105.0,Normal
2027-02-19 17:00:00,79,77.4,5,75.0,Normal
2027-02-19 18:00:00,79,74.3,5,75.0,Normal
2027-02-19 19:00:00,79,75.8,6,90.0,Normal
2027-02-19 20:00:00,62,61.6,2,30.0,Normal
2027-02-19 21:00:00,43,50.7,3,45.0,Normal
2027-02-19 22:00:00,37,31.1,2,30.0,Normal
2027-02-19 23:00:00,26,31.1,2,30.0,Normal
2027-02-20 00:00:00,23,21.8,3,45.0,Normal
2027-02-20 01:00:00,16,19.6,2,30.0,Normal
2027-02-20 02:00:00,5,13.8,3,45.0,Normal
2027-02-20 03:00:00,3,3.0,3,45.0,Normal
2027-02-20 04:00:00,3,2.6,4,60.0,Normal
2027-02-20 05:00:00,6,2.8,3,45.0,Normal
2027-02-20 06:00:00,18,19.8,3,45.0,Normal
2027-02-20 07:00:00,26,29.6,3,45.0,Normal
2027-02-20 08:00:00,46,40.0,6,90.0,Normal
2027-02-20 09:00:00,50,52.5,6,90.0,Normal
2027-02-20 10:00:00,61,52.1,5,75.0,Normal
2027-02-20 11:00:00,53,48.4,3,45.0,Normal
2027-02-20 12:00:00,44,44.5,3,45.0,Normal
2027-02-20 13:00:00,49,50.3,4,60.0,Normal
2027-02-20 14:00:00,58,58.4,5,75.0,Normal
2027-02-20 15:00:00,60,65.6,6,90.0,Normal
2027-02-20 16:00:00,67,60.6,5,75.0,Normal
2027-02-20 17:00:00,63,61.8,4,60.0,Normal
2027-02-20 18:00:00,51,58.0,5,75.0,Normal
2027-02-20 19:00:00,47,47.0,4,60.0,Normal
2027-02-20 20:00:00,36,39.4,2,30.0,Normal
2027-02-20 21:00:00,24,26.5,4,60.0,Normal
2027-02-20 22:00:00,20,18.9,3,45.0,Normal
2027-02-20 23:00:00,19,15.9,3,45.0,Normal
2027-02-21 00:00:00,13,16.5,3,45.0,Normal
2027-02-21 01:00:00,10,10.8,2,30.0,Normal
2027-02-21 02:00:00,2,9.4,2,30.0,Normal
2027-02-21 03:00:00,4,0.0,3,45.0,Normal
2027-02-21 04:00:00,5,3.1,2,30.0,Normal
2027-02-21 05:00:00,3,4.1,3,45.0,Normal
2027-02-21 06:00:00,20,9.4,3,45.0,Normal
2027-02-21 07:00:00,17,27.4,3,45.0,Normal
2027-02-21 08:00:00,19,28.0,3,45.0,Normal
2027-02-21 09:00:00,26,21.8,3,45.0,Normal
2027-02-21 10:00:00,31,27.0,3,45.0,Normal
2027-02-21 11:00:00,19,28.6,3,45.0,Normal
2027-02-21 12:00:00,18,14.4,3,45.0,Normal
2027-02-21 13:00:00,22,19.8,3,45.0,Normal
2027-02-21 14:00:00,29,26.2,4,60.0,Normal
2027-02-21 15:00:00,39,32.5,3,45.0,Normal
2027-02-21 16:00:00,46,39.3,3,45.0,Normal
2027-02-21 17:00:00,34,42.6,3,45.0,Normal
2027-02-21 18:00:00,30,33.2,3,45.0,Normal
2027-02-21 19:00:00,32,28.8,3,45.0,Normal
2027-02-21 20:00:00,26,23.3,3,45.0,Normal
2027-02-21 21:00:00,14,20.1,2,30.0,Normal
2027-02-21 22:00:00,12,9.5,2,30.0,Normal
2027-02-21 23:00:00,10,10.3,2,30.0,Normal
2027-02-22 00:00:00,8,11.0,2,30.0,Normal
2027-02-22 01:00:00,8,7.6,2,30.0,Normal
2027-02-22 02:00:00,5,8.3,2,30.0,Normal
2027-02-22 03:00:00,10,2.8,2,30.0,Normal
2027-02-22 04:00:00,8,11.7,2,30.0,Normal
2027-02-22 05:00:00,15,7.6,2,30.0,Normal
2027-02-22 06:00:00,31,29.6,3,45.0,Normal
2027-02-22 07:00:00,38,43.6,4,60.0,Normal
2027-02-22 08:00:00,54,57.4,7,105.0,Normal
2027-02-22 09:00:00,63,69.9,7,105.0,Normal
2027-02-22 10:00:00,72,69.5,7,105.0,Normal
2027-02-22 11:00:00,55,57.9,3,45.0,Normal
2027-02-22 12:00:00,38,41.5,3,45.0,Normal
2027-02-22 13:00:00,53,37.8,4,60.0,Normal
2027-02-22 14:00:00,68,67.2,6,90.0,Normal
2027-02-22 15:00:00,84,77.8,6,90.0,Normal
2027-02-22 16:00:00,87,91.3,7,105.0,Normal
2027-02-22 17:00:00,80,80.1,4,60.0,Normal
2027-02-22 18:00:00,63,77.1,6,90.0,Normal
2027-02-22 19:00:00,65,60.9,4,60.0,Normal
2027-02-22 20:00:00,51,45.4,2,30.0,Normal
2027-02-22 21:00:00,47,37.4,2,30.0,Normal
2027-02-22 22:00:00,41,38.6,3,45.0,Normal
2027-02-22 23:00:00,31,34.3,3,45.0,Normal
2027-02-23 00:00:00,22,26.5,3,45.0,Normal
2027-02-23 01:00:00,8,16.7,2,30.0,Normal
2027-02-23 02:00:00,5,5.6,2,30.0,Normal
2027-02-23 03:00:00,7,2.8,2,30.0,Normal
2027-02-23 04:00:00,7,8.4,3,45.0,Normal
2027-02-23 05:00:00,20,9.6,3,45.0,Normal
2027-02-23 06:00:00,40,32.5,4,60.0,Normal
2027-02-23 07:00:00,43,55.0,4,60.0,Normal
2027-02-23 08:00:00,62,61.3,7,105.0,Normal
2027-02-23 09:00:00,85,75.1,6,90.0,Normal
2027-02-23 10:00:00,88,94.4,6,90.0,Normal
2027-02-23 11:00:00,61,76.8,3,45.0,Normal
2027-02-23 12:00:00,46,41.8,3,45.0,Normal
2027-02-23 13:00:00,51,48.8,5,75.0,Normal
2027-02-23 14:00:00,76,66.8,7,105.0,Normal
2027-02-23 15:00:00,83,85.3,7,105.0,Normal
2027-02-23 16:00:00,88,89.6,7,105.0,Normal
2027-02-23 17:00:00,70,80.1,5,75.0,Normal
2027-02-23 18:00:00,64,63.9,5,75.0,Normal
2027-02-23 19:00:00,67,65.9,4,60.0,Normal
2027-02-23 20:00:00,52,55.6,2,30.0,Normal
2027-02-23 21:00:00,37,31.1,2,30.0,Normal
2027-02-23 22:00:00,30,25.2,3,45.0,Normal
2027-02-23 23:00:00,29,23.2,3,45.0,Normal
2027-02-24 00:00:00,15,24.4,2,30.0,Normal
2027-02-24 01:00:00,7,9.5,2,30.0,Normal
2027-02-24 02:00:00,13,7.1,3,45.0,Normal
2027-02-24 03:00:00,6,12.5,2,30.0,Normal
2027-02-24 04:00:00,13,4.5,2,30.0,Normal
2027-02-24 05:00:00,19,15.6,2,30.0,Normal
2027-02-24 06:00:00,33,33.7,5,75.0,Normal
2027-02-24 07:00:00,48,46.3,4,60.0,Normal
2027-02-24 08:00:00,68,72.5,8,120.0,Normal
2027-02-24 09:00:00,87,78.0,8,120.0,Normal
2027-02-24 10:00:00,93,94.4,7,105.0,Normal
2027-02-24 11:00:00,75,80.2,4,60.0,Normal
2027-02-24 12:00:00,59,59.0,4,60.0,Normal
2027-02-24 13:00:00,66,63.0,6,90.0,Normal
2027-02-24 14:00:00,64,78.8,7,105.0,Normal
2027-02-24 15:00:00,69,72.7,7,105.0,Normal
2027-02-24 16:00:00,79,71.1,8,120.0,Normal
2027-02-24 17:00:00,76,75.3,5,75.0,Normal
2027-02-24 18:00:00,78,75.5,4,60.0,Normal
2027-02-24 19:00:00,81,75.0,6,90.0,Normal
2027-02-24 20:00:00,66,60.2,2,30.0,Normal
2027-02-24 21:00:00,48,50.6,3,45.0,Normal
2027-02-24 22:00:00,35,36.2,2,30.0,Normal
2027-02-24 23:00:00,31,27.1,3,45.0,Normal
2027-02-25 00:00:00,24,28.0,3,45.0,Normal
2027-02-25 01:00:00,22,19.0,2,30.0,Normal
2027-02-25 02:00:00,14,19.6,3,45.0,Normal
2027-02-25 03:00:00,9,11.7,2,30.0,Normal
2027-02-25 04:00:00,7,9.8,2,30.0,Normal
2027-02-25 05:00:00,12,7.6,3,45.0,Normal
2027-02-25 06:00:00,28,29.3,5,75.0,Normal
2027-02-25 07:00:00,38,39.8,4,60.0,Normal
2027-02-25 08:00:00,56,53.2,8,120.0,Normal
2027-02-25 09:00:00,69,69.3,8,120.0,Normal
2027-02-25 10:00:00,77,77.9,6,90.0,Normal
2027-02-25 11:00:00,66,60.3,3,45.0,Normal
2027-02-25 12:00:00,61,51.0,3,45.0,Normal
2027-02-25 13:00:00,67,67.0,6,90.0,Normal
2027-02-25 14:00:00,81,79.3,8,120.0,Normal
2027-02-25 15:00:00,91,89.5,6,90.0,Normal
2027-02-25 16:00:00,94,95.8,6,90.0,Normal
2027-02-25 17:00:00,82,84.9,5,75.0,Normal
2027-02-25 18:00:00,72,78.2,4,60.0,Normal
2027-02-25 19:00:00,75,66.7,4,60.0,Normal
2027-02-25 20:00:00,46,61.4,2,30.0,Normal
2027-02-25 21:00:00,45,32.8,2,30.0,Normal
2027-02-25 22:00:00,34,35.8,2,30.0,Normal
2027-02-25 23:00:00,26,29.7,2,30.0,Normal
2027-02-26 00:00:00,24,22.3,2,30.0,Normal
2027-02-26 01:00:00,16,21.5,2,30.0,Normal
2027-02-26 02:00:00,4,14.6,3,45.0,Normal
2027-02-26 03:00:00,8,3.4,2,30.0,Normal
2027-02-26 04:00:00,6,8.3,2,30.0,Normal
2027-02-26 05:00:00,10,6.3,2,30.0,Normal
2027-02-26 06:00:00,20,27.5,3,45.0,Normal
2027-02-26 07:00:00,32,30.1,4,60.0,Normal
2027-02-26 08:00:00,58,52.3,7,105.0,Normal
2027-02-26 09:00:00,77,74.5,6,90.0,Normal
2027-02-26 10:00:00,92,87.3,7,105.0,Normal
2027-02-26 11:00:00,74,72.2,3,45.0,Normal
2027-02-26 12:00:00,59,57.9,3,45.0,Normal
2027-02-26 13:00:00,59,60.4,4,60.0,Normal
2027-02-26 14:00:00,71,69.8,8,120.0,Normal
2027-02-26 15:00:00,78,78.9,6,90.0,Normal
2027-02-26 16:00:00,92,85.0,7,105.0,Normal
2027-02-26 17:00:00,82,87.8,5,75.0,Normal
2027-02-26 18:00:00,85,77.8,4,60.0,Normal
2027-02-26 19:00:00,78,84.6,6,90.0,Normal
2027-02-26 20:00:00,60,61.5,3,45.0,Normal
2027-02-26 21:00:00,39,45.0,2,30.0,Normal
2027-02-26 22:00:00,36,28.7,2,30.0,Normal
2027-02-26 23:00:00,26,30.5,2,30.0,Normal
2027-02-27 00:00:00,31,22.0,3,45.0,Normal
2027-02-27 01:00:00,20,29.1,3,45.0,Normal
2027-02-27 02:00:00,9,15.6,3,45.0,Normal
2027-02-27 03:00:00,14,6.1,3,45.0,Normal
2027-02-27 04:00:00,17,14.2,3,45.0,Normal
2027-02-27 05:00:00,17,18.1,3,45.0,Normal
2027-02-27 06:00:00,34,30.7,3,45.0,Normal
2027-02-27 07:00:00,29,42.9,3,45.0,Normal
2027-02-27 08:00:00,48,40.9,5,75.0,Normal
2027-02-27 09:00:00,64,59.0,5,75.0,Normal
2027-02-27 10:00:00,70,77.0,5,75.0,Normal
2027-02-27 11:00:00,45,53.6,3,45.0,Normal
2027-02-27 12:00:00,42,32.9,3,45.0,Normal
2027-02-27 13:00:00,38,48.2,5,75.0,Normal
2027-02-27 14:00:00,49,46.4,5,75.0,Normal
2027-02-27 15:00:00,45,58.9,6,90.0,Normal
2027-02-27 16:00:00,57,42.7,4,60.0,Normal
2027-02-27 17:00:00,54,56.7,4,60.0,Normal
2027-02-27 18:00:00,44,49.4,3,45.0,Normal
2027-02-27 19:00:00,40,39.9,4,60.0,Normal
2027-02-27 20:00:00,26,23.2,3,45.0,Normal
2027-02-27 21:00:00,22,17.8,3,45.0,Normal
2027-02-27 22:00:00,20,15.9,2,30.0,Normal
2027-02-27 23:00:00,17,16.3,3,45.0,Normal
2027-02-28 00:00:00,10,14.5,3,45.0,Normal
2027-02-28 01:00:00,13,8.9,3,45.0,Normal
2027-02-28 02:00:00,8,11.6,2,30.0,Normal
2027-02-28 03:00:00,12,9.0,2,30.0,Normal
2027-02-28 04:00:00,11,11.6,3,45.0,Normal
2027-02-28 05:00:00,13,11.8,2,30.0,Normal
2027-02-28 06:00:00,23,18.9,3,45.0,Normal
2027-02-28 07:00:00,31,30.0,3,45.0,Normal
2027-02-28 08:00:00,30,38.7,3,45.0,Normal
2027-02-28 09:00:00,44,32.9,4,60.0,Normal
2027-02-28 10:00:00,48,45.8,3,45.0,Normal
2027-02-28 11:00:00,36,45.9,3,45.0,Normal
2027-02-28 12:00:00,23,27.9,3,45.0,Normal
2027-02-28 13:00:00,17,25.0,3,45.0,Normal
2027-02-28 14:00:00,26,20.2,3,45.0,Normal
2027-02-28 15:00:00,45,26.7,3,45.0,Normal
2027-02-28 16:00:00,43,46.8,3,45.0,Normal
2027-02-28 17:00:00,42,39.5,3,45.0,Normal
2027-02-28 18:00:00,33,40.3,3,45.0,Normal
2027-02-28 19:00:00,31,33.7,3,45.0,Normal
2027-02-28 20:00:00,20,24.3,3,45.0,Normal
2027-02-28 21:00:00,23,14.4,2,30.0,Normal
2027-02-28 22:00:00,18,19.7,2,30.0,Normal
2027-02-28 23:00:00,15,16.5,2,30.0,Normal
2027-03-01 00:00:00,18,16.7,3,45.0,Normal
2027-03-01 01:00:00,8,18.3,2,30.0,Normal
2027-03-01 02:00:00,7,7.4,2,30.0,Normal
2027-03-01 03:00:00,15,6.6,3,45.0,Normal
2027-03-01 04:00:00,22,16.7,2,30.0,Normal
2027-03-01 05:00:00,23,22.3,3,45.0,Normal
2027-03-01 06:00:00,24,34.9,4,60.0,Normal
2027-03-01 07:00:00,35,29.9,4,60.0,Normal
2027-03-01 08:00:00,53,52.9,7,105.0,Normal
2027-03-01 09:00:00,65,63.9,7,105.0,Normal
2027-03-01 10:00:00,75,70.9,7,105.0,Normal
2027-03-01 11:00:00,70,58.0,3,45.0,Normal
2027-03-01 12:00:00,50,59.1,3,45.0,Normal
2027-03-01 13:00:00,47,55.4,6,90.0,Normal
2027-03-01 14:00:00,57,61.4,8,120.0,Normal
2027-03-01 15:00:00,69,66.6,7,105.0,Normal
2027-03-01 16:00:00,80,75.8,8,120.0,Normal
2027-03-01 17:00:00,74,77.1,5,75.0,Normal
2027-03-01 18:00:00,68,66.6,4,60.0,Normal
2027-03-01 19:00:00,68,63.8,6,90.0,Normal
2027-03-01 20:00:00,55,54.8,2,30.0,Normal
2027-03-01 21:00:00,44,42.3,2,30.0,Normal
2027-03-01 22:00:00,37,36.5,2,30.0,Normal
2027-03-01 23:00:00,26,31.4,3,45.0,Normal
2027-03-02 00:00:00,18,22.6,2,30.0,Normal
2027-03-02 01:00:00,19,13.5,3,45.0,Normal
2027-03-02 02:00:00,21,16.4,2,30.0,Normal
2027-03-02 03:00:00,16,21.7,2,30.0,Normal
2027-03-02 04:00:00,17,16.8,2,30.0,Normal
2027-03-02 05:00:00,17,16.9,3,45.0,Normal
2027-03-02 06:00:00,25,32.3,3,45.0,Normal
2027-03-02 07:00:00,41,32.8,5,75.0,Normal
2027-03-02 08:00:00,54,60.8,7,105.0,Normal
2027-03-02 09:00:00,62,67.6,7,105.0,Normal
2027-03-02 10:00:00,68,68.1,7,105.0,Normal
2027-03-02 11:00:00,61,52.1,4,60.0,Normal
2027-03-02 12:00:00,58,46.6,4,60.0,Normal
2027-03-02 13:00:00,62,64.3,5,75.0,Normal
2027-03-02 14:00:00,68,74.4,7,105.0,Normal
2027-03-02 15:00:00,72,73.8,7,105.0,Normal
2027-03-02 16:00:00,74,77.9,8,120.0,Normal
2027-03-02 17:00:00,68,67.9,4,60.0,Normal
2027-03-02 18:00:00,62,62.6,5,75.0,Normal
2027-03-02 19:00:00,60,57.8,6,90.0,Normal
2027-03-02 20:00:00,46,46.0,2,30.0,Normal
2027-03-02 21:00:00,35,33.0,3,45.0,Normal
2027-03-02 22:00:00,24,27.8,2,30.0,Normal
2027-03-02 23:00:00,17,19.1,2,30.0,Normal
2027-03-03 00:00:00,7,11.8,2,30.0,Normal
2027-03-03 01:00:00,5,5.1,2,30.0,Normal
2027-03-03 02:00:00,9,2.5,2,30.0,Normal
2027-03-03 03:00:00,14,10.4,2,30.0,Normal
2027-03-03 04:00:00,17,15.1,2,30.0,Normal
2027-03-03 05:00:00,17,17.4,2,30.0,Normal
2027-03-03 06:00:00,32,29.6,4,60.0,Normal
2027-03-03 07:00:00,37,43.2,4,60.0,Normal
2027-03-03 08:00:00,55,55.9,6,90.0,Normal
2027-03-03 09:00:00,73,68.7,7,105.0,Normal
2027-03-03 10:00:00,83,81.8,6,90.0,Normal
2027-03-03 11:00:00,68,65.3,3,45.0,Normal
2027-03-03 12:00:00,52,55.2,3,45.0,Normal
2027-03-03 13:00:00,50,55.7,6,90.0,Normal
2027-03-03 14:00:00,60,60.6,7,105.0,Normal
2027-03-03 15:00:00,76,67.6,8,120.0,Normal
2027-03-03 16:00:00,89,84.4,8,120.0,Normal
2027-03-03 17:00:00,77,82.2,6,90.0,Normal
2027-03-03 18:00:00,69,73.6,5,75.0,Normal
2027-03-03 19:00:00,60,69.6,6,90.0,Normal
2027-03-03 20:00:00,42,41.6,2,30.0,Normal
2027-03-03 21:00:00,38,30.6,2,30.0,Normal
2027-03-03 22:00:00,32,28.3,3,45.0,Normal
2027-03-03 23:00:00,24,26.5,2,30.0,Normal
2027-03-04 00:00:00,16,19.9,3,45.0,Normal
2027-03-04 01:00:00,12,10.4,2,30.0,Normal
2027-03-04 02:00:00,2,9.0,2,30.0,Normal
2027-03-04 03:00:00,0,1.5,2,30.0,Normal
2027-03-04 04:00:00,3,0.3,2,30.0,Normal
2027-03-04 05:00:00,14,2.7,2,30.0,Normal
2027-03-04 06:00:00,28,27.8,3,45.0,Normal
2027-03-04 07:00:00,42,38.4,4,60.0,Normal
2027-03-04 08:00:00,71,60.5,7,105.0,Normal
2027-03-04 09:00:00,79,85.5,7,105.0,Normal
2027-03-04 10:00:00,86,88.4,7,105.0,Normal
2027-03-04 11:00:00,69,65.1,3,45.0,Normal
2027-03-04 12:00:00,46,57.6,4,60.0,Normal
2027-03-04 13:00:00,54,49.6,5,75.0,Normal
2027-03-04 14:00:00,66,70.5,7,105.0,Normal
2027-03-04 15:00:00,77,75.6,7,105.0,Normal
2027-03-04 16:00:00,74,83.8,7,105.0,Normal
2027-03-04 17:00:00,73,67.0,4,60.0,Normal
2027-03-04 18:00:00,71,69.1,6,90.0,Normal
2027-03-04 19:00:00,69,68.4,5,75.0,Normal
2027-03-04 20:00:00,49,50.9,2,30.0,Normal
2027-03-04 21:00:00,32,33.7,3,45.0,Normal
2027-03-04 22:00:00,29,24.9,3,45.0,Normal
2027-03-04 23:00:00,17,24.4,2,30.0,Normal
2027-03-05 00:00:00,19,12.2,2,30.0,Normal
2027-03-05 01:00:00,8,13.9,2,30.0,Normal
2027-03-05 02:00:00,3,5.8,2,30.0,Normal
2027-03-05 03:00:00,7,1.9,2,30.0,Normal
2027-03-05 04:00:00,15,6.0,2,30.0,Normal
2027-03-05 05:00:00,21,18.8,2,30.0,Normal
2027-03-05 06:00:00,34,37.3,4,60.0,Normal
2027-03-05 07:00:00,46,43.5,3,45.0,Normal
2027-03-05 08:00:00,57,65.4,7,105.0,Normal
2027-03-05 09:00:00,78,67.5,8,120.0,Normal
2027-03-05 10:00:00,87,87.0,7,105.0,Normal
2027-03-05 11:00:00,64,68.0,3,45.0,Normal
2027-03-05 12:00:00,49,50.9,3,45.0,Normal
2027-03-05 13:00:00,58,52.9,5,75.0,Normal
2027-03-05 14:00:00,70,72.1,7,105.0,Normal
2027-03-05 15:00:00,82,77.0,8,120.0,Normal
2027-03-05 16:00:00,86,90.7,6,90.0,Normal
2027-03-05 17:00:00,75,80.0,5,75.0,Normal
2027-03-05 18:00:00,72,74.1,4,60.0,Normal
2027-03-05 19:00:00,61,71.3,6,90.0,Normal
2027-03-05 20:00:00,52,43.5,2,30.0,Normal
2027-03-05 21:00:00,35,36.0,2,30.0,Normal
2027-03-05 22:00:00,20,25.5,2,30.0,Normal
2027-03-05 23:00:00,27,13.0,2,30.0,Normal
2027-03-06 00:00:00,28,22.7,4,60.0,Normal
2027-03-06 01:00:00,23,24.9,4,60.0,Normal
2027-03-06 02:00:00,17,17.7,3,45.0,Normal
2027-03-06 03:00:00,21,14.2,4,60.0,Normal
2027-03-06 04:00:00,21,21.9,4,60.0,Normal
2027-03-06 05:00:00,17,21.4,3,45.0,Normal
2027-03-06 06:00:00,23,29.0,3,45.0,Normal
2027-03-06 07:00:00,22,31.1,3,45.0,Normal
2027-03-06 08:00:00,29,32.9,4,60.0,Normal
2027-03-06 09:00:00,51,36.9,5,75.0,Normal
2027-03-06 10:00:00,62,62.9,6,90.0,Normal
2027-03-06 11:00:00,46,48.4,3,45.0,Normal
2027-03-06 12:00:00,27,36.7,3,45.0,Normal
2027-03-06 13:00:00,34,25.4,4,60.0,Normal
2027-03-06 14:00:00,43,46.3,4,60.0,Normal
2027-03-06 15:00:00,45,49.2,5,75.0,Normal
2027-03-06 16:00:00,57,46.2,4,60.0,Normal
2027-03-06 17:00:00,60,55.9,5,75.0,Normal
2027-03-06 18:00:00,55,55.4,4,60.0,Normal
2027-03-06 19:00:00,62,51.5,4,60.0,Normal
2027-03-06 20:00:00,45,51.9,4,60.0,Normal
2027-03-06 21:00:00,30,34.9,4,60.0,Normal
2027-03-06 22:00:00,24,24.1,2,30.0,Normal
2027-03-06 23:00:00,19,19.5,2,30.0,Normal
2027-03-07 00:00:00,13,15.8,2,30.0,Normal
2027-03-07 01:00:00,5,10.9,2,30.0,Normal
2027-03-07 02:00:00,13,3.2,3,45.0,Normal
2027-03-07 03:00:00,12,15.1,2,30.0,Normal
2027-03-07 04:00:00,16,12.0,2,30.0,Normal
2027-03-07 05:00:00,26,16.5,2,30.0,Normal
2027-03-07 06:00:00,17,36.0,3,45.0,Normal
2027-03-07 07:00:00,22,22.1,3,45.0,Normal
2027-03-07 08:00:00,24,28.9,3,45.0,Normal
2027-03-07 09:00:00,22,27.4,3,45.0,Normal
2027-03-07 10:00:00,45,19.3,3,45.0,Normal
2027-03-07 11:00:00,31,38.5,3,45.0,Normal
2027-03-07 12:00:00,24,27.7,3,45.0,Normal
2027-03-07 13:00:00,27,22.8,3,45.0,Normal
2027-03-07 14:00:00,24,31.6,3,45.0,Normal
2027-03-07 15:00:00,21,26.4,3,45.0,Normal
2027-03-07 16:00:00,34,21.5,3,45.0,Normal
2027-03-07 17:00:00,27,36.2,3,45.0,Normal
2027-03-07 18:00:00,30,25.5,3,45.0,Normal
2027-03-07 19:00:00,24,30.6,3,45.0,Normal
2027-03-07 20:00:00,23,16.1,3,45.0,Normal
2027-03-07 21:00:00,21,18.1,2,30.0,Normal
2027-03-07 22:00:00,22,17.7,3,45.0,Normal
2027-03-07 23:00:00,19,20.1,2,30.0,Normal
2027-03-08 00:00:00,27,20.4,2,30.0,Normal
2027-03-08 01:00:00,22,26.1,2,30.0,Normal
2027-03-08 02:00:00,20,22.4,2,30.0,Normal
2027-03-08 03:00:00,16,18.8,2,30.0,Normal
2027-03-08 04:00:00,14,16.8,2,30.0,Normal
2027-03-08 05:00:00,13,14.3,2,30.0,Normal
2027-03-08 06:00:00,30,26.5,4,60.0,Normal
2027-03-08 07:00:00,35,39.5,4,60.0,Normal
2027-03-08 08:00:00,60,50.9,7,105.0,Normal
2027-03-08 09:00:00,76,71.9,6,90.0,Normal
2027-03-08 10:00:00,87,88.3,7,105.0,Normal
2027-03-08 11:00:00,71,68.4,3,45.0,Normal
2027-03-08 12:00:00,56,58.3,3,45.0,Normal
2027-03-08 13:00:00,58,58.0,5,75.0,Normal
2027-03-08 14:00:00,76,69.5,8,120.0,Normal
2027-03-08 15:00:00,81,85.6,6,90.0,Normal
2027-03-08 16:00:00,87,85.7,7,105.0,Normal
2027-03-08 17:00:00,75,83.1,5,75.0,Normal
2027-03-08 18:00:00,69,72.6,4,60.0,Normal
2027-03-08 19:00:00,62,64.9,5,75.0,Normal
2027-03-08 20:00:00,39,47.0,3,45.0,Normal
2027-03-08 21:00:00,26,26.4,2,30.0,Normal
2027-03-08 22:00:00,15,17.5,3,45.0,Normal
2027-03-08 23:00:00,20,10.7,2,30.0,Normal
2027-03-09 00:00:00,23,16.3,3,45.0,Normal
2027-03-09 01:00:00,28,21.5,2,30.0,Normal
2027-03-09 02:00:00,24,28.6,2,30.0,Normal
2027-03-09 03:00:00,17,22.1,2,30.0,Normal
2027-03-09 04:00:00,29,15.1,2,30.0,Normal
2027-03-09 05:00:00,21,29.3,3,45.0,Normal
2027-03-09 06:00:00,29,33.2,5,75.0,Normal
2027-03-09 07:00:00,36,38.6,4,60.0,Normal
2027-03-09 08:00:00,60,56.0,7,105.0,Normal
2027-03-09 09:00:00,81,72.2,7,105.0,Normal
2027-03-09 10:00:00,84,90.9,8,120.0,Normal
2027-03-09 11:00:00,64,63.7,3,45.0,Normal
2027-03-09 12:00:00,43,52.6,4,60.0,Normal
2027-03-09 13:00:00,50,44.7,4,60.0,Normal
2027-03-09 14:00:00,54,67.5,7,105.0,Normal
2027-03-09 15:00:00,63,61.0,7,105.0,Normal
2027-03-09 16:00:00,70,68.2,6,90.0,Normal
2027-03-09 17:00:00,62,62.9,4,60.0,Normal
2027-03-09 18:00:00,63,55.6,5,75.0,Normal
2027-03-09 19:00:00,58,60.8,5,75.0,Normal
2027-03-09 20:00:00,45,43.8,2,30.0,Normal
2027-03-09 21:00:00,38,32.7,2,30.0,Normal
2027-03-09 22:00:00,34,30.0,2,30.0,Normal
2027-03-09 23:00:00,37,29.2,2,30.0,Normal
2027-03-10 00:00:00,30,32.9,2,30.0,Normal
2027-03-10 01:00:00,36,26.6,2,30.0,Normal
2027-03-10 02:00:00,29,35.7,2,30.0,Normal
2027-03-10 03:00:00,32,27.6,2,30.0,Normal
2027-03-10 04:00:00,28,31.3,2,30.0,Normal
2027-03-10 05:00:00,24,27.2,2,30.0,Normal
2027-03-10 06:00:00,34,36.5,3,45.0,Normal
2027-03-10 07:00:00,44,42.7,5,75.0,Normal
2027-03-10 08:00:00,64,65.0,7,105.0,AMR Breakdown
2027-03-10 09:00:00,78,80.4,7,105.0,AMR Breakdown
2027-03-10 10:00:00,94,86.1,8,120.0,AMR Breakdown
2027-03-10 11:00:00,67,76.6,4,60.0,AMR Breakdown
2027-03-10 12:00:00,50,50.0,3,45.0,AMR Breakdown
2027-03-10 13:00:00,47,53.9,5,75.0,AMR Breakdown
2027-03-10 14:00:00,54,58.6,7,105.0,AMR Breakdown
2027-03-10 15:00:00,54,65.0,7,105.0,AMR Breakdown
2027-03-10 16:00:00,63,59.4,7,105.0,AMR Breakdown
2027-03-10 17:00:00,41,59.5,5,75.0,AMR Breakdown
2027-03-10 18:00:00,26,32.8,6,90.0,AMR Breakdown
2027-03-10 19:00:00,13,16.2,5,75.0,AMR Breakdown
2027-03-10 20:00:00,0,0.0,2,30.0,AMR Breakdown
2027-03-10 21:00:00,0,0.0,2,30.0,AMR Breakdown
2027-03-10 22:00:00,5,0.0,2,30.0,AMR Breakdown
2027-03-10 23:00:00,0,0.0,3,45.0,AMR Breakdown
2027-03-11 00:00:00,1,0.0,2,30.0,AMR Breakdown
2027-03-11 01:00:00,1,0.0,3,45.0,AMR Breakdown
2027-03-11 02:00:00,2,3.6,3,45.0,AMR Breakdown
2027-03-11 03:00:00,11,0.7,2,30.0,AMR Breakdown
2027-03-11 04:00:00,15,11.0,2,30.0,AMR Breakdown
2027-03-11 05:00:00,20,17.1,3,45.0,AMR Breakdown
2027-03-11 06:00:00,35,29.8,5,75.0,AMR Breakdown
2027-03-11 07:00:00,42,45.9,4,60.0,AMR Breakdown
2027-03-11 08:00:00,66,63.7,7,105.0,AMR Breakdown
2027-03-11 09:00:00,79,79.3,8,120.0,AMR Breakdown
2027-03-11 10:00:00,78,86.3,7,105.0,AMR Breakdown
2027-03-11 11:00:00,41,59.8,3,45.0,AMR Breakdown
2027-03-11 12:00:00,25,29.8,4,60.0,AMR Breakdown
2027-03-11 13:00:00,18,16.1,6,90.0,AMR Breakdown
2027-03-11 14:00:00,32,11.4,6,90.0,AMR Breakdown
2027-03-11 15:00:00,42,42.9,7,105.0,AMR Breakdown
2027-03-11 16:00:00,45,50.2,7,105.0,AMR Breakdown
2027-03-11 17:00:00,36,50.7,5,75.0,AMR Breakdown
2027-03-11 18:00:00,28,32.5,5,75.0,AMR Breakdown
2027-03-11 19:00:00,16,20.2,4,60.0,AMR Breakdown
2027-03-11 20:00:00,5,3.1,2,30.0,AMR Breakdown
2027-03-11 21:00:00,0,0.0,2,30.0,Normal
2027-03-11 22:00:00,1,0.0,2,30.0,Normal
2027-03-11 23:00:00,0,0.0,2,30.0,Normal
2027-03-12 00:00:00,4,0.0,2,30.0,Normal
2027-03-12 01:00:00,15,1.4,2,30.0,Normal
2027-03-12 02:00:00,18,15.0,3,45.0,Normal
2027-03-12 03:00:00,20,19.2,2,30.0,Normal
2027-03-12 04:00:00,29,20.5,2,30.0,Normal
2027-03-12 05:00:00,37,29.5,3,45.0,Normal
2027-03-12 06:00:00,45,50.5,4,60.0,Normal
2027-03-12 07:00:00,52,55.1,3,45.0,Normal
2027-03-12 08:00:00,67,69.8,6,90.0,Normal
2027-03-12 09:00:00,66,80.4,7,105.0,Normal
2027-03-12 10:00:00,81,69.3,8,120.0,Normal
2027-03-12 11:00:00,57,65.5,3,45.0,Normal
2027-03-12 12:00:00,48,41.1,3,45.0,Normal
2027-03-12 13:00:00,52,56.1,6,90.0,Normal
2027-03-12 14:00:00,59,66.0,8,120.0,Normal
2027-03-12 15:00:00,71,64.9,8,120.0,Normal
2027-03-12 16:00:00,70,77.4,8,120.0,Normal
2027-03-12 17:00:00,61,63.9,5,75.0,Normal
2027-03-12 18:00:00,64,58.5,5,75.0,Normal
2027-03-12 19:00:00,61,61.4,5,75.0,Normal
2027-03-12 20:00:00,44,46.4,2,30.0,Normal
2027-03-12 21:00:00,39,30.8,3,45.0,Normal
2027-03-12 22:00:00,37,29.4,3,45.0,Normal
2027-03-12 23:00:00,35,31.6,2,30.0,Normal
2027-03-13 00:00:00,35,30.0,4,60.0,Normal
2027-03-13 01:00:00,25,30.5,3,45.0,Normal
2027-03-13 02:00:00,21,22.9,2,30.0,Normal
2027-03-13 03:00:00,11,19.7,4,60.0,Normal
2027-03-13 04:00:00,9,9.0,3,45.0,Normal
2027-03-13 05:00:00,13,8.6,3,45.0,Normal
2027-03-13 06:00:00,30,26.3,4,60.0,Normal
2027-03-13 07:00:00,36,40.8,3,45.0,Normal
2027-03-13 08:00:00,44,48.3,4,60.0,Normal
2027-03-13 09:00:00,63,52.8,5,75.0,Normal
2027-03-13 10:00:00,65,73.4,6,90.0,Normal
2027-03-13 11:00:00,52,47.2,4,60.0,Normal
2027-03-13 12:00:00,34,42.8,4,60.0,Normal
2027-03-13 13:00:00,39,35.7,4,60.0,Normal
2027-03-13 14:00:00,51,47.2,4,60.0,Normal
2027-03-13 15:00:00,55,56.0,5,75.0,Normal
2027-03-13 16:00:00,60,59.3,6,90.0,Normal
2027-03-13 17:00:00,50,59.5,4,60.0,Normal
2027-03-13 18:00:00,55,45.3,4,60.0,Normal
2027-03-13 19:00:00,57,59.0,4,60.0,Normal
2027-03-13 20:00:00,41,45.5,2,30.0,Normal
2027-03-13 21:00:00,35,31.0,3,45.0,Normal
2027-03-13 22:00:00,23,27.9,2,30.0,Normal
2027-03-13 23:00:00,19,17.9,3,45.0,Normal
2027-03-14 00:00:00,22,14.0,2,30.0,Normal
2027-03-14 01:00:00,19,18.7,2,30.0,Normal
2027-03-14 02:00:00,13,18.5,2,30.0,Normal
2027-03-14 03:00:00,18,11.7,2,30.0,Normal
2027-03-14 04:00:00,16,17.8,3,45.0,Normal
2027-03-14 05:00:00,9,16.6,2,30.0,Normal
2027-03-14 06:00:00,19,12.8,3,45.0,Normal
2027-03-14 07:00:00,14,26.8,3,45.0,Normal
2027-03-14 08:00:00,20,22.7,3,45.0,Normal
2027-03-14 09:00:00,36,23.9,3,45.0,Normal
2027-03-14 10:00:00,36,39.1,3,45.0,Normal
2027-03-14 11:00:00,32,27.6,3,45.0,Normal
2027-03-14 12:00:00,20,25.7,3,45.0,Normal
2027-03-14 13:00:00,28,20.1,3,45.0,Normal
2027-03-14 14:00:00,34,32.5,3,45.0,Normal
2027-03-14 15:00:00,32,40.3,3,45.0,Normal
2027-03-14 16:00:00,34,31.4,3,45.0,Normal
2027-03-14 17:00:00,22,33.6,3,45.0,Normal
2027-03-14 18:00:00,29,18.9,3,45.0,Normal
2027-03-14 19:00:00,32,29.8,3,45.0,Normal
2027-03-14 20:00:00,21,25.4,2,30.0,Normal
2027-03-14 21:00:00,23,17.3,3,45.0,Normal
2027-03-14 22:00:00,14,19.9,3,45.0,Normal
2027-03-14 23:00:00,10,12.6,2,30.0,Normal
2027-03-15 00:00:00,10,8.3,2,30.0,Normal
2027-03-15 01:00:00,11,10.4,2,30.0,Normal
2027-03-15 02:00:00,13,10.6,2,30.0,Normal
2027-03-15 03:00:00,16,15.1,2,30.0,Normal
2027-03-15 04:00:00,19,16.3,2,30.0,Normal
2027-03-15 05:00:00,23,19.4,2,30.0,Normal
2027-03-15 06:00:00,38,34.4,4,60.0,Normal
2027-03-15 07:00:00,48,45.2,4,60.0,Normal
2027-03-15 08:00:00,62,71.4,6,90.0,Normal
2027-03-15 09:00:00,62,73.1,6,90.0,Normal
2027-03-15 10:00:00,65,66.3,7,105.0,Normal
2027-03-15 11:00:00,56,54.2,4,60.0,Normal
2027-03-15 12:00:00,55,41.7,3,45.0,Normal
2027-03-15 13:00:00,58,62.8,4,60.0,Normal
2027-03-15 14:00:00,67,70.1,7,105.0,Normal
2027-03-15 15:00:00,71,72.5,7,105.0,Normal
2027-03-15 16:00:00,71,74.6,7,105.0,Normal
2027-03-15 17:00:00,66,66.1,4,60.0,Normal
2027-03-15 18:00:00,70,59.8,6,90.0,Normal
2027-03-15 19:00:00,68,66.0,5,75.0,Normal
2027-03-15 20:00:00,55,54.4,2,30.0,Normal
2027-03-15 21:00:00,42,42.4,3,45.0,Normal
2027-03-15 22:00:00,31,33.4,2,30.0,Normal
2027-03-15 23:00:00,22,26.0,3,45.0,Normal
2027-03-16 00:00:00,20,18.0,2,30.0,Normal
2027-03-16 01:00:00,17,15.2,2,30.0,Normal
2027-03-16 02:00:00,13,15.7,2,30.0,Normal
2027-03-16 03:00:00,14,13.7,2,30.0,Normal
2027-03-16 04:00:00,6,14.6,2,30.0,Normal
2027-03-16 05:00:00,14,4.6,2,30.0,Normal
2027-03-16 06:00:00,25,28.7,4,60.0,Normal
2027-03-16 07:00:00,46,35.5,5,75.0,Normal
2027-03-16 08:00:00,60,65.0,7,105.0,Normal
2027-03-16 09:00:00,71,71.5,6,90.0,Normal
2027-03-16 10:00:00,80,76.0,7,105.0,Normal
2027-03-16 11:00:00,68,62.3,4,60.0,Normal
2027-03-16 12:00:00,61,54.7,3,45.0,Normal
2027-03-16 13:00:00,63,64.6,4,60.0,Normal
2027-03-16 14:00:00,64,75.0,7,105.0,Normal
2027-03-16 15:00:00,73,70.2,7,105.0,Normal
2027-03-16 16:00:00,81,77.1,8,120.0,Normal
2027-03-16 17:00:00,72,79.0,6,90.0,Normal
2027-03-16 18:00:00,72,67.5,6,90.0,Normal
2027-03-16 19:00:00,68,71.2,4,60.0,Normal
2027-03-16 20:00:00,50,54.4,2,30.0,Normal
2027-03-16 21:00:00,38,37.3,2,30.0,Normal
2027-03-16 22:00:00,31,30.5,2,30.0,Normal
2027-03-16 23:00:00,24,27.3,3,45.0,Normal
2027-03-17 00:00:00,16,19.5,2,30.0,Normal
2027-03-17 01:00:00,13,12.7,3,45.0,Normal
2027-03-17 02:00:00,11,12.1,2,30.0,Normal
2027-03-17 03:00:00,7,10.0,2,30.0,Normal
2027-03-17 04:00:00,10,7.2,2,30.0,Normal
2027-03-17 05:00:00,15,12.4,3,45.0,Normal
2027-03-17 06:00:00,14,27.7,4,60.0,Normal
2027-03-17 07:00:00,23,19.8,4,60.0,Normal
2027-03-17 08:00:00,46,32.5,6,90.0,Normal
2027-03-17 09:00:00,65,59.6,7,105.0,Normal
2027-03-17 10:00:00,74,80.3,6,90.0,Normal
2027-03-17 11:00:00,56,56.8,3,45.0,Normal
2027-03-17 12:00:00,32,45.1,3,45.0,Normal
2027-03-17 13:00:00,47,33.3,4,60.0,Normal
2027-03-17 14:00:00,62,60.2,6,90.0,Normal
2027-03-17 15:00:00,68,71.1,6,90.0,Normal
2027-03-17 16:00:00,70,71.3,8,120.0,Normal
2027-03-17 17:00:00,68,61.7,4,60.0,Normal
2027-03-17 18:00:00,65,63.9,5,75.0,Normal
2027-03-17 19:00:00,76,62.3,4,60.0,Normal
2027-03-17 20:00:00,53,67.4,2,30.0,Normal
2027-03-17 21:00:00,38,39.3,2,30.0,Normal
2027-03-17 22:00:00,23,29.3,3,45.0,Normal
2027-03-17 23:00:00,11,17.6,3,45.0,Normal
2027-03-18 00:00:00,14,6.3,2,30.0,Normal
2027-03-18 01:00:00,19,10.6,3,45.0,Normal
2027-03-18 02:00:00,19,19.8,2,30.0,Normal
2027-03-18 03:00:00,15,19.0,3,45.0,Normal
2027-03-18 04:00:00,20,14.3,2,30.0,Normal
2027-03-18 05:00:00,13,20.9,2,30.0,Normal
2027-03-18 06:00:00,33,25.9,5,75.0,Normal
2027-03-18 07:00:00,48,44.7,3,45.0,Normal
2027-03-18 08:00:00,66,69.1,7,105.0,Normal
2027-03-18 09:00:00,76,79.1,8,120.0,Normal
2027-03-18 10:00:00,100,77.5,6,90.0,Normal
2027-03-18 11:00:00,68,83.7,4,60.0,Normal
2027-03-18 12:00:00,47,52.9,3,45.0,Normal
2027-03-18 13:00:00,43,53.8,4,60.0,Normal
2027-03-18 14:00:00,59,50.7,6,90.0,Normal
2027-03-18 15:00:00,70,66.5,7,105.0,Normal
2027-03-18 16:00:00,81,72.7,7,105.0,Normal
2027-03-18 17:00:00,71,78.4,5,75.0,Normal
2027-03-18 18:00:00,62,64.9,5,75.0,Normal
2027-03-18 19:00:00,53,61.9,5,75.0,Normal
2027-03-18 20:00:00,37,43.6,2,30.0,Normal
2027-03-18 21:00:00,28,24.5,2,30.0,Normal
2027-03-18 22:00:00,33,20.3,2,30.0,Normal
2027-03-18 23:00:00,20,27.7,2,30.0,Normal
2027-03-19 00:00:00,13,16.2,3,45.0,Normal
2027-03-19 01:00:00,16,9.0,3,45.0,Normal
2027-03-19 02:00:00,15,15.5,3,45.0,Normal
2027-03-19 03:00:00,22,14.9,2,30.0,Normal
2027-03-19 04:00:00,21,22.5,3,45.0,Normal
2027-03-19 05:00:00,32,22.0,3,45.0,Normal
2027-03-19 06:00:00,42,49.3,5,75.0,Normal
2027-03-19 07:00:00,47,51.6,5,75.0,Normal
2027-03-19 08:00:00,59,67.3,7,105.0,Normal
2027-03-19 09:00:00,67,68.2,8,120.0,Normal
2027-03-19 10:00:00,78,75.3,6,90.0,Normal
2027-03-19 11:00:00,60,57.2,3,45.0,Normal
2027-03-19 12:00:00,48,43.8,3,45.0,Normal
2027-03-19 13:00:00,58,52.8,6,90.0,Normal
2027-03-19 14:00:00,65,73.1,8,120.0,Normal
2027-03-19 15:00:00,73,70.7,6,90.0,Normal
2027-03-19 16:00:00,75,75.8,6,90.0,Normal
2027-03-19 17:00:00,63,70.0,5,75.0,Normal
2027-03-19 18:00:00,67,56.0,6,90.0,Normal
2027-03-19 19:00:00,60,66.0,6,90.0,Normal
2027-03-19 20:00:00,53,45.3,2,30.0,Normal
2027-03-19 21:00:00,36,40.1,2,30.0,Normal
2027-03-19 22:00:00,32,30.0,3,45.0,Normal
2027-03-19 23:00:00,19,27.9,2,30.0,Normal
2027-03-20 00:00:00,19,14.1,4,60.0,Normal
2027-03-20 01:00:00,16,15.1,3,45.0,Normal
2027-03-20 02:00:00,19,14.7,3,45.0,Normal
2027-03-20 03:00:00,25,18.6,2,30.0,Normal
2027-03-20 04:00:00,34,25.1,4,60.0,Normal
2027-03-20 05:00:00,31,35.9,2,30.0,Normal
2027-03-20 06:00:00,28,43.1,3,45.0,Normal
2027-03-20 07:00:00,40,34.3,4,60.0,Normal
2027-03-20 08:00:00,52,54.7,4,60.0,Normal
2027-03-20 09:00:00,60,63.0,4,60.0,Normal
2027-03-20 10:00:00,62,62.8,6,90.0,Normal
2027-03-20 11:00:00,43,48.8,4,60.0,Normal
2027-03-20 12:00:00,38,31.9,4,60.0,Normal
2027-03-20 13:00:00,41,40.3,4,60.0,Normal
2027-03-20 14:00:00,56,53.1,6,90.0,Normal
2027-03-20 15:00:00,54,62.8,5,75.0,Normal
2027-03-20 16:00:00,57,56.5,5,75.0,Normal
2027-03-20 17:00:00,51,51.6,4,60.0,Normal
2027-03-20 18:00:00,49,46.0,4,60.0,Normal
2027-03-20 19:00:00,47,45.6,4,60.0,Normal
2027-03-20 20:00:00,38,39.0,4,60.0,Normal
2027-03-20 21:00:00,30,28.0,3,45.0,Normal
2027-03-20 22:00:00,28,24.3,3,45.0,Normal
2027-03-20 23:00:00,23,24.0,3,45.0,Normal
2027-03-21 00:00:00,15,21.2,2,30.0,Normal
2027-03-21 01:00:00,5,10.3,2,30.0,Normal
2027-03-21 02:00:00,3,2.5,2,30.0,Normal
2027-03-21 03:00:00,5,2.1,2,30.0,Normal
2027-03-21 04:00:00,0,1.7,2,30.0,Normal
2027-03-21 05:00:00,0,0.8,2,30.0,Normal
2027-03-21 06:00:00,2,5.4,3,45.0,Normal
2027-03-21 07:00:00,10,8.1,3,45.0,Normal
2027-03-21 08:00:00,32,18.8,4,60.0,Normal
2027-03-21 09:00:00,42,39.9,3,45.0,Normal
2027-03-21 10:00:00,36,47.2,3,45.0,Normal
2027-03-21 11:00:00,23,24.9,3,45.0,Normal
2027-03-21 12:00:00,23,17.7,3,45.0,Normal
2027-03-21 13:00:00,29,25.3,3,45.0,Normal
2027-03-21 14:00:00,31,36.7,4,60.0,Normal
2027-03-21 15:00:00,42,36.3,3,45.0,Normal
2027-03-21 16:00:00,38,43.9,4,60.0,Normal
2027-03-21 17:00:00,34,33.2,3,45.0,Normal
2027-03-21 18:00:00,33,31.7,3,45.0,Normal
2027-03-21 19:00:00,32,30.4,3,45.0,Normal
2027-03-21 20:00:00,16,25.0,2,30.0,Normal
2027-03-21 21:00:00,22,10.9,2,30.0,Normal
2027-03-21 22:00:00,20,18.6,2,30.0,Normal
2027-03-21 23:00:00,18,18.7,2,30.0,Normal
2027-03-22 00:00:00,28,19.4,2,30.0,Normal
2027-03-22 01:00:00,24,27.7,2,30.0,Normal
2027-03-22 02:00:00,17,21.5,3,45.0,Normal
2027-03-22 03:00:00,22,14.5,2,30.0,Normal
2027-03-22 04:00:00,20,21.2,2,30.0,Normal
2027-03-22 05:00:00,21,22.5,2,30.0,Normal
2027-03-22 06:00:00,35,36.8,4,60.0,Normal
2027-03-22 07:00:00,34,46.4,5,75.0,Normal
2027-03-22 08:00:00,54,51.2,6,90.0,Normal
2027-03-22 09:00:00,66,64.4,7,105.0,Normal
2027-03-22 10:00:00,75,73.8,6,90.0,Normal
2027-03-22 11:00:00,57,55.9,4,60.0,Normal
2027-03-22 12:00:00,49,44.4,4,60.0,Normal
2027-03-22 13:00:00,43,56.4,4,60.0,Normal
2027-03-22 14:00:00,54,53.8,6,90.0,Normal
2027-03-22 15:00:00,69,63.7,6,90.0,Normal
2027-03-22 16:00:00,80,74.7,8,120.0,Normal
2027-03-22 17:00:00,74,76.3,5,75.0,Normal
2027-03-22 18:00:00,74,69.7,5,75.0,Normal
2027-03-22 19:00:00,73,71.3,4,60.0,Normal
2027-03-22 20:00:00,69,57.9,2,30.0,Normal
2027-03-22 21:00:00,50,57.2,2,30.0,Normal
2027-03-22 22:00:00,39,40.5,2,30.0,Normal
2027-03-22 23:00:00,30,30.9,2,30.0,Normal
2027-03-23 00:00:00,21,26.4,2,30.0,Normal
2027-03-23 01:00:00,11,17.3,2,30.0,Normal
2027-03-23 02:00:00,7,8.6,2,30.0,Normal
2027-03-23 03:00:00,12,7.0,2,30.0,Normal
2027-03-23 04:00:00,8,12.9,2,30.0,Normal
2027-03-23 05:00:00,12,11.9,3,45.0,Normal
2027-03-23 06:00:00,26,27.6,4,60.0,Normal
2027-03-23 07:00:00,44,34.6,3,45.0,Normal
2027-03-23 08:00:00,65,65.6,8,120.0,Normal
2027-03-23 09:00:00,75,78.4,7,105.0,Normal
2027-03-23 10:00:00,89,77.2,6,90.0,Normal
2027-03-23 11:00:00,72,72.5,4,60.0,Normal
2027-03-23 12:00:00,54,58.6,3,45.0,Normal
2027-03-23 13:00:00,54,57.1,5,75.0,Normal
2027-03-23 14:00:00,71,63.6,7,105.0,Normal
2027-03-23 15:00:00,68,81.4,7,105.0,Normal
2027-03-23 16:00:00,70,73.9,7,105.0,Normal
2027-03-23 17:00:00,69,64.3,5,75.0,Normal
2027-03-23 18:00:00,66,66.0,6,90.0,Normal
2027-03-23 19:00:00,66,61.9,4,60.0,Normal
2027-03-23 20:00:00,61,49.0,2,30.0,Normal
2027-03-23 21:00:00,43,49.8,2,30.0,Normal
2027-03-23 22:00:00,36,33.9,3,45.0,Normal
2027-03-23 23:00:00,38,32.1,3,45.0,Normal
2027-03-24 00:00:00,21,35.1,2,30.0,Normal
2027-03-24 01:00:00,14,16.6,2,30.0,Normal
2027-03-24 02:00:00,6,9.5,3,45.0,Normal
2027-03-24 03:00:00,0,4.7,2,30.0,Normal
2027-03-24 04:00:00,8,2.5,2,30.0,Normal
2027-03-24 05:00:00,12,10.8,2,30.0,Normal
2027-03-24 06:00:00,32,25.9,3,45.0,Normal
2027-03-24 07:00:00,40,42.0,5,75.0,Normal
2027-03-24 08:00:00,63,58.5,7,105.0,Normal
2027-03-24 09:00:00,68,76.4,7,105.0,Normal
2027-03-24 10:00:00,72,74.5,7,105.0,Normal
2027-03-24 11:00:00,49,50.1,3,45.0,Normal
2027-03-24 12:00:00,38,35.0,4,60.0,Normal
2027-03-24 13:00:00,45,41.0,5,75.0,Normal
2027-03-24 14:00:00,67,56.6,7,105.0,Normal
2027-03-24 15:00:00,87,76.2,6,90.0,Normal
2027-03-24 16:00:00,86,93.4,8,120.0,Normal
2027-03-24 17:00:00,78,82.2,5,75.0,Normal
2027-03-24 18:00:00,77,75.7,5,75.0,Normal
2027-03-24 19:00:00,80,75.4,4,60.0,Normal
2027-03-24 20:00:00,61,65.8,2,30.0,Normal
2027-03-24 21:00:00,52,49.2,2,30.0,Normal
2027-03-24 22:00:00,42,42.2,3,45.0,Normal
2027-03-24 23:00:00,32,35.5,2,30.0,Normal
2027-03-25 00:00:00,17,28.0,2,30.0,Normal
2027-03-25 01:00:00,6,13.7,2,30.0,Normal
2027-03-25 02:00:00,3,2.5,3,45.0,Normal
2027-03-25 03:00:00,3,2.9,2,30.0,Normal
2027-03-25 04:00:00,0,1.9,2,30.0,Normal
2027-03-25 05:00:00,0,1.9,2,30.0,Normal
2027-03-25 06:00:00,23,16.0,3,45.0,Normal
2027-03-25 07:00:00,30,35.5,5,75.0,Normal
2027-03-25 08:00:00,51,46.5,7,105.0,Normal
2027-03-25 09:00:00,68,64.5,7,105.0,Normal
2027-03-25 10:00:00,83,77.7,7,105.0,Normal
2027-03-25 11:00:00,65,67.7,4,60.0,Normal
2027-03-25 12:00:00,60,49.1,3,45.0,Normal
2027-03-25 13:00:00,60,62.0,6,90.0,Normal
2027-03-25 14:00:00,63,70.2,7,105.0,Normal
2027-03-25 15:00:00,68,69.9,7,105.0,Normal
2027-03-25 16:00:00,70,75.5,7,105.0,Normal
2027-03-25 17:00:00,69,66.2,6,90.0,Normal
2027-03-25 18:00:00,65,64.2,4,60.0,Normal
2027-03-25 19:00:00,69,59.1,5,75.0,Normal
2027-03-25 20:00:00,59,54.2,2,30.0,Normal
2027-03-25 21:00:00,37,46.5,2,30.0,Normal
2027-03-25 22:00:00,17,29.4,3,45.0,Normal
2027-03-25 23:00:00,11,11.2,2,30.0,Normal
2027-03-26 00:00:00,8,6.5,2,30.0,Normal
2027-03-26 01:00:00,8,5.9,3,45.0,Normal
2027-03-26 02:00:00,8,6.3,2,30.0,Normal
2027-03-26 03:00:00,5,9.6,2,30.0,Normal
2027-03-26 04:00:00,4,4.4,2,30.0,Normal
2027-03-26 05:00:00,10,4.9,2,30.0,Normal
2027-03-26 06:00:00,15,24.0,4,60.0,Normal
2027-03-26 07:00:00,30,23.7,5,75.0,Normal
2027-03-26 08:00:00,55,45.3,6,90.0,Normal
2027-03-26 09:00:00,63,69.0,7,105.0,Normal
2027-03-26 10:00:00,75,72.9,6,90.0,Normal
2027-03-26 11:00:00,59,56.3,4,60.0,Normal
2027-03-26 12:00:00,53,46.6,4,60.0,Normal
2027-03-26 13:00:00,52,59.3,5,75.0,Normal
2027-03-26 14:00:00,63,62.1,6,90.0,Normal
2027-03-26 15:00:00,68,70.8,6,90.0,Normal
2027-03-26 16:00:00,76,72.4,7,105.0,Normal
2027-03-26 17:00:00,75,71.0,4,60.0,Normal
2027-03-26 18:00:00,73,71.6,6,90.0,Normal
2027-03-26 19:00:00,71,69.3,5,75.0,Normal
2027-03-26 20:00:00,52,57.8,2,30.0,Normal
2027-03-26 21:00:00,44,38.8,3,45.0,Normal
2027-03-26 22:00:00,35,37.1,2,30.0,Normal
2027-03-26 23:00:00,30,29.4,2,30.0,Normal
2027-03-27 00:00:00,22,26.8,2,30.0,Normal
2027-03-27 01:00:00,17,16.2,3,45.0,Normal
2027-03-27 02:00:00,19,12.8,2,30.0,Normal
2027-03-27 03:00:00,14,18.2,3,45.0,Normal
2027-03-27 04:00:00,12,14.0,2,30.0,Normal
2027-03-27 05:00:00,14,13.0,3,45.0,Normal
2027-03-27 06:00:00,24,26.1,3,45.0,Normal
2027-03-27 07:00:00,28,33.6,3,45.0,Normal
2027-03-27 08:00:00,45,41.7,5,75.0,Normal
2027-03-27 09:00:00,60,53.4,5,75.0,Normal
2027-03-27 10:00:00,73,65.8,4,60.0,Normal
2027-03-27 11:00:00,60,56.3,4,60.0,Normal
2027-03-27 12:00:00,49,51.6,3,45.0,Normal
2027-03-27 13:00:00,46,52.5,5,75.0,Normal
2027-03-27 14:00:00,57,54.8,5,75.0,Normal
2027-03-27 15:00:00,61,64.2,6,90.0,Normal
2027-03-27 16:00:00,63,62.3,4,60.0,Normal
2027-03-27 17:00:00,56,60.2,5,75.0,Normal
2027-03-27 18:00:00,48,53.9,3,45.0,Normal
2027-03-27 19:00:00,51,44.8,5,75.0,Normal
2027-03-27 20:00:00,46,42.9,3,45.0,Normal
2027-03-27 21:00:00,34,35.2,2,30.0,Normal
2027-03-27 22:00:00,26,28.4,4,60.0,Normal
2027-03-27 23:00:00,19,21.7,4,60.0,Normal
2027-03-28 00:00:00,23,15.6,2,30.0,Normal
2027-03-28 01:00:00,17,21.5,2,30.0,Normal
2027-03-28 02:00:00,13,15.9,2,30.0,Normal
2027-03-28 03:00:00,16,12.0,2,30.0,Normal
2027-03-28 04:00:00,11,15.4,2,30.0,Normal
2027-03-28 05:00:00,9,10.8,2,30.0,Normal
2027-03-28 06:00:00,20,14.4,3,45.0,Normal
2027-03-28 07:00:00,15,25.7,3,45.0,Normal
2027-03-28 08:00:00,20,23.2,3,45.0,Normal
2027-03-28 09:00:00,29,24.4,4,60.0,Normal
2027-03-28 10:00:00,34,33.6,3,45.0,Normal
2027-03-28 11:00:00,25,29.2,3,45.0,Normal
2027-03-28 12:00:00,22,19.5,3,45.0,Normal
2027-03-28 13:00:00,19,22.0,3,45.0,Normal
2027-03-28 14:00:00,23,22.9,3,45.0,Normal
2027-03-28 15:00:00,24,26.5,4,60.0,Normal
2027-03-28 16:00:00,33,22.7,3,45.0,Normal
2027-03-28 17:00:00,36,34.4,3,45.0,Normal
2027-03-28 18:00:00,37,35.1,3,45.0,Normal
2027-03-28 19:00:00,37,34.9,3,45.0,Normal
2027-03-28 20:00:00,29,26.5,2,30.0,Normal
2027-03-28 21:00:00,26,23.8,3,45.0,Normal
2027-03-28 22:00:00,22,22.7,2,30.0,Normal
2027-03-28 23:00:00,13,19.8,2,30.0,Normal
2027-03-29 00:00:00,14,12.7,2,30.0,Normal
2027-03-29 01:00:00,15,16.0,2,30.0,Normal
2027-03-29 02:00:00,10,16.6,2,30.0,Normal
2027-03-29 03:00:00,14,11.3,2,30.0,Normal
2027-03-29 04:00:00,8,14.2,2,30.0,Normal
2027-03-29 05:00:00,1,8.7,2,30.0,Normal
2027-03-29 06:00:00,25,9.5,5,75.0,Normal
2027-03-29 07:00:00,26,34.5,4,60.0,Normal
2027-03-29 08:00:00,50,35.1,7,105.0,Normal
2027-03-29 09:00:00,62,63.4,7,105.0,Normal
2027-03-29 10:00:00,75,72.5,7,105.0,Normal
2027-03-29 11:00:00,54,59.5,3,45.0,Normal
2027-03-29 12:00:00,45,45.2,4,60.0,Normal
2027-03-29 13:00:00,39,47.6,6,90.0,Normal
2027-03-29 14:00:00,55,46.3,7,105.0,Normal
2027-03-29 15:00:00,67,69.4,6,90.0,Normal
2027-03-29 16:00:00,71,74.9,6,90.0,Normal
2027-03-29 17:00:00,58,66.8,5,75.0,Normal
2027-03-29 18:00:00,58,54.7,6,90.0,Normal
2027-03-29 19:00:00,53,59.2,4,60.0,Normal
2027-03-29 20:00:00,46,42.8,2,30.0,Normal
2027-03-29 21:00:00,42,32.7,2,30.0,Normal
2027-03-29 22:00:00,35,30.2,3,45.0,Normal
2027-03-29 23:00:00,27,26.9,2,30.0,Normal
2027-03-30 00:00:00,21,22.9,2,30.0,Normal
2027-03-30 01:00:00,16,16.5,2,30.0,Normal
2027-03-30 02:00:00,17,11.6,2,30.0,Normal
2027-03-30 03:00:00,13,18.0,2,30.0,Normal
2027-03-30 04:00:00,10,12.1,2,30.0,Normal
2027-03-30 05:00:00,17,10.1,2,30.0,Normal
2027-03-30 06:00:00,19,30.1,4,60.0,Normal
2027-03-30 07:00:00,40,26.3,4,60.0,Normal
2027-03-30 08:00:00,71,62.8,6,90.0,Normal
2027-03-30 09:00:00,82,86.6,6,90.0,Normal
2027-03-30 10:00:00,89,89.3,7,105.0,Normal
2027-03-30 11:00:00,66,70.7,4,60.0,Normal
2027-03-30 12:00:00,49,51.7,3,45.0,Normal
2027-03-30 13:00:00,52,54.3,4,60.0,Normal
2027-03-30 14:00:00,71,68.3,8,120.0,Normal
2027-03-30 15:00:00,77,77.6,7,105.0,Normal
2027-03-30 16:00:00,76,77.1,8,120.0,Normal
2027-03-30 17:00:00,83,70.7,5,75.0,Normal
2027-03-30 18:00:00,74,81.3,5,75.0,Normal
2027-03-30 19:00:00,73,69.4,5,75.0,Normal
2027-03-30 20:00:00,64,58.2,2,30.0,Normal
2027-03-30 21:00:00,40,50.9,3,45.0,Normal
2027-03-30 22:00:00,28,28.9,2,30.0,Normal
2027-03-30 23:00:00,17,23.1,2,30.0,Normal
2027-03-31 00:00:00,13,12.3,2,30.0,Normal
2027-03-31 01:00:00,11,9.5,2,30.0,Normal
2027-03-31 02:00:00,10,10.1,2,30.0,Normal
2027-03-31 03:00:00,12,9.9,2,30.0,Normal
2027-03-31 04:00:00,11,13.0,2,30.0,Normal
2027-03-31 05:00:00,20,13.0,2,30.0,Normal
2027-03-31 06:00:00,31,33.6,4,60.0,Normal
2027-03-31 07:00:00,37,44.2,5,75.0,Normal
2027-03-31 08:00:00,60,55.0,7,105.0,Normal
2027-03-31 09:00:00,76,69.8,8,120.0,Normal
2027-03-31 10:00:00,81,87.9,7,105.0,Normal
2027-03-31 11:00:00,61,61.0,3,45.0,Normal
2027-03-31 12:00:00,45,47.3,4,60.0,Normal
2027-03-31 13:00:00,53,48.8,5,75.0,Normal
2027-03-31 14:00:00,67,69.5,8,120.0,Normal
2027-03-31 15:00:00,76,77.7,8,120.0,Normal
2027-03-31 16:00:00,83,79.3,7,105.0,Normal
2027-03-31 17:00:00,77,77.6,4,60.0,Normal
2027-03-31 18:00:00,68,72.4,4,60.0,Normal
2027-03-31 19:00:00,71,69.1,5,75.0,Normal
2027-03-31 20:00:00,66,56.0,2,30.0,Normal
2027-03-31 21:00:00,47,50.2,2,30.0,Normal
2027-03-31 22:00:00,36,38.3,2,30.0,Normal
2027-03-31 23:00:00,15,29.8,2,30.0,Normal
